strain	virus	accession	date	state	county	city	db	segment	authors	url	title	journal	paper_url	isolate	species	voltine_genus	generation	lineage_1	lineage_2	lineage_3
MN|LACV_NC077809|1960	LACV		1960-XX-XX	Minnesota	Unknown_MN	Unknown_MN	genbank	M	Bennett et al							Unknown	Unknown	none	none	none
RUS_Ivanovo|INKV_KT288270.1|1973	INKV	KT288269	1973-XX-XX	Ivanovo_Russia	Unknown_Ivanovo	Unknown_Ivanovo	genbank	M	Alkhovsky et al	https://www.ncbi.nlm.nih.gov/nuccore/KT288271				LEIV-15248lv	Aedes_group	Unknown	Unknown	none	none	none
CA|JSV_KX817319.1|1963	JSV	KX817318	1963-XX-XX	California	Kern_CA	Unknown_Kern_CA	genbank	M	Hughes et al	https://www.ncbi.nlm.nih.gov/nuccore/KX817320					Culiseta_inornata	Multi_Culiseta	Multivoltine	none	none	none
NJ|SORV_KX817337.1|1960	SORV	KX817336	1960-XX-XX	New-Jersey	Unknown_NJ	Unknown_NJ	genbank	M	Hughes et al	https://www.ncbi.nlm.nih.gov/nuccore/KX817338					Anopheles_crucians	Multi_Anopheles	Multivoltine	none	none	none
CO|KX817316.1|1961	JCV	KX817315	1961-XX-XX	Colorado	Boulder_CO	Jamestown_CO	genbank	M	Hughes et al	https://www.ncbi.nlm.nih.gov/nuccore/KX817317				JCV/61/CO	Culiseta_inornata	Multi_Culiseta	Multivoltine	none	none	none
MA|MN135990.1|2016-06	JCV	MN135990	2016-06-XX	Massachusetts	Bristol_MA	Unknown_Bristol_MA	genbank	M	Kinsella et al	https://www.ncbi.nlm.nih.gov/nuccore/MN135989	Jamestown Canyon virus in Massachusetts: clinical case sErie_NYs and vector screening	"Emerg. Microbes Infect. 9(1), 903-912 (2020)"	https://doi.org/10.1080/22221751.2020.1756697	16/MA/01	Aedes_canadensis	Uni_Aedes	Univoltine	B	B	B
MA|Yale-JC0779|2023	JCV		2023-05-31	Massachusetts	Worcester_MA	Webster_MA		M	Bourgikos						Aedes_abserratus	Uni_Aedes	Univoltine	none	none	none
MA|Yale-JC0782|2023	JCV		2023-06-28	Massachusetts	Berkshire_MA	Pittsfield_MA		M	Bourgikos						Aedes_communis	Uni_Aedes	Univoltine	A	A.1	A.1.0
MA|Yale-JC0783|2023	JCV		2023-06-28	Massachusetts	Berkshire_MA	Pittsfield_MA		M	Bourgikos						Aedes_communis	Uni_Aedes	Univoltine	A	A.1	A.1.0
MA|Yale-JC0784|2023	JCV		2023-05-26	Massachusetts	Plymouth_MA	Middleborough_MA		M	Bourgikos						Aedes_abserratus	Uni_Aedes	Univoltine	B	B	B
NM|MH900531.1|1977	JCV	MH900530	1977-04-XX	New-Mexico	Unknown_NM	Unknown_NM	genbank	M	Hughes et al	https://www.ncbi.nlm.nih.gov/nuccore/MH900532	"Centers for Disease Control and Prevention, Division of Vector-borne Diseases"	CDC	https://www.ncbi.nlm.nih.gov/nuccore/MH900532	NM5-4BU	Culiseta_inornata	Multi_Culiseta	Multivoltine	none	none	none
CA_Manitoba|MH370819.1|1979	JCV	MH370818	1979-XX-XX	Manitoba_Canada	Unknown_Manitoba	Unknown_Manitoba	genbank	M	Hughes et al	https://www.ncbi.nlm.nih.gov/nuccore/MH370820	"Centers for Disease Control and Prevention, Division of Vector-borne Diseases"	CDC	https://www.ncbi.nlm.nih.gov/nuccore/MH370820	MN256-260	Aedes_group	Uni_Aedes	Univoltine	A	A.2	A.2.0
CT|HM007354.1|2003	JCV	HM007355	2003-XX-XX	Connecticut	Unknown_CT	Unknown_CT	genbank	M	Bennett et al	https://www.ncbi.nlm.nih.gov/nuccore/HM007353	The full genome sequence of three strains of Jamestown Canyon virus and their pathogenesis in mice or monkeys	"Virol. J. 8(1), 136 (2011)"	https://doi.org/10.1186/1743-422X-8-136	JCV/03/CTcl	Aedes_abserratus	Uni_Aedes	Univoltine	none	none	none
CT|HM007357.1|2004	JCV	HM007358	2004-XX-XX	Connecticut	Unknown_CT	Unknown_CT	genbank	M	Bennett et al	https://www.ncbi.nlm.nih.gov/nuccore/HM007356	The full genome sequence of three strains of Jamestown Canyon virus and their pathogenesis in mice or monkeys	"Virol. J. 8(1), 136 (2011)"	https://doi.org/10.1186/1743-422X-8-136	JCV/04/CTcl	Aedes_canadensis	Uni_Aedes	Univoltine	none	none	none
NY|JC02|2003	JCV		2003-XX-XX	New-York	Westchester_NY	Unknown_Westchester_NY		M	Bourgikos					JCV02	Coquillettidia_perturbans	Uni_Coquillettidia	Univoltine	A	A.1	A.1.0
NY|JC04|2004	JCV		2004-XX-XX	New-York	Oneida_NY	Unknown_Oneida_NY		M	Bourgikos					JCV04	Aedes_canadensis	Uni_Aedes	Univoltine	A	A.1	A.1
NY|JC05|2004	JCV		2004-XX-XX	New-York	Clinton_NY	Unknown_Clinton_NY		M	Bourgikos					JCV05	Aedes_stimulans	Uni_Aedes	Univoltine	A	A.1	A.1.2
NY|JC06|2005	JCV		2005-XX-XX	New-York	Cattaragus_NY	Unknown_Cattaragus_NY		M	Bourgikos					JCV06	Aedes_trivittatus	Multi_Aedes	Multivoltine	A	A.1	A.1.1
NY|JC07|2006	JCV		2006-XX-XX	New-York	Onondaga_NY	Unknown_Onondaga_NY		M	Bourgikos					JCV07	Aedes_canadensis	Uni_Aedes	Univoltine	A	A.1	A.1.2
NY|JC08|2007	JCV		2007-XX-XX	New-York	Westchester_NY	Unknown_Westchester_NY		M	Bourgikos					JCV08	Aedes_triseriatus	Multi_Aedes	Multivoltine	A	A.1	A.1.0
NY|JC09|2007	JCV		2007-XX-XX	New-York	Onondaga_NY	Unknown_Onondaga_NY		M	Bourgikos					JCV09	Aedes_canadensis	Uni_Aedes	Univoltine	A	A.1	A.1
NY|JC10|2008	JCV		2008-XX-XX	New-York	Putnam_NY	Unknown_Putnam_NY		M	Bourgikos					JCV10	Anopheles_punctipennis	Multi_Anopheles	Multivoltine	A	A.1	A.1.0
NY|JC11|2008	JCV		2008-XX-XX	New-York	Oneida_NY	Unknown_Oneida_NY		M	Bourgikos					JCV11	Aedes_vexans	Multi_Aedes	Multivoltine	A	A.2	A.2.1
NY|JC12|2009	JCV		2009-XX-XX	New-York	Chautauqua_NY	Unknown_Chautauqua_NY		M	Bourgikos					JCV12	Aedes_canadensis	Uni_Aedes	Univoltine	A	A.1	A.1.1
NY|JC13|2009	JCV		2009-XX-XX	New-York	Erie_NY	Unknown_Erie_NY		M	Bourgikos					JCV13	Aedes_stimulans	Uni_Aedes	Univoltine	A	A.2	A.2.1
NY|JC14|2010	JCV		2010-XX-XX	New-York	Erie_NY	Unknown_Erie_NY		M	Bourgikos					JCV14	Aedes_stimulans	Uni_Aedes	Univoltine	A	A.1	A.1.1
NY|JC15|2010	JCV		2010-XX-XX	New-York	Westchester_NY	Unknown_Westchester_NY		M	Bourgikos					JCV15	Aedes_canadensis	Uni_Aedes	Univoltine	A	A.1	A.1.0
NY|JC16|2011	JCV		2011-XX-XX	New-York	Westchester_NY	Unknown_Westchester_NY		M	Bourgikos					JCV16	Aedes_triseriatus	Multi_Aedes	Multivoltine	A	A.1	A.1.0
NY|JC17|2011	JCV		2011-XX-XX	New-York	Rockland_NY	Unknown_Rockland_NY		M	Bourgikos					JCV17	Anopheles_punctipennis	Multi_Anopheles	Multivoltine	A	A.1	A.1.0
NY|JC18|2012	JCV		2012-XX-XX	New-York	Onondaga_NY	Unknown_Onondaga_NY		M	Bourgikos					JCV18	Coquillettidia_perturbans	Uni_Coquillettidia	Univoltine	A	A.1	A.1
NY|JC19|2012	JCV		2012-XX-XX	New-York	Oswego_NY	Unknown_Oswego_NY		M	Bourgikos					JCV19	Aedes_canadensis	Uni_Aedes	Univoltine	A	A.1	A.1.1
NY|JC21|2013	JCV		2013-XX-XX	New-York	Madison_NY	Unknown_Madison_NY		M	Bourgikos					JCV21	Aedes_canadensis	Uni_Aedes	Univoltine	A	A.1	A.1.2
NY|JC22|2014	JCV		2014-XX-XX	New-York	Rockland_NY	Unknown_Rockland_NY		M	Bourgikos					JCV22	Anopheles_punctipennis	Multi_Anopheles	Multivoltine	A	A.1	A.1.0
NY|JC23|2014	JCV		2014-XX-XX	New-York	Onondaga_NY	Unknown_Onondaga_NY		M	Bourgikos					JCV23	Aedes_canadensis	Uni_Aedes	Univoltine	A	A.1	A.1
NY|JC25|2015	JCV		2015-XX-XX	New-York	Cattaragus_NY	Unknown_Cattaragus_NY		M	Bourgikos					JCV25	Aedes_sticticus	Uni_Aedes	Univoltine	A	A.1	A.1.1
NY|JC26|2016	JCV		2016-XX-XX	New-York	Cattaragus_NY	Unknown_Cattaragus_NY		M	Bourgikos					JCV26	Anopheles_punctipennis	Multi_Anopheles	Multivoltine	A	A.1	A.1.1
NY|JC27|2016	JCV		2016-XX-XX	New-York	Erie_NY	Unknown_Erie_NY		M	Bourgikos					JCV27	Aedes_canadensis	Uni_Aedes	Univoltine	A	A.1	A.1.1
NY|JC28|2017	JCV		2017-XX-XX	New-York	Cattaragus_NY	Unknown_Cattaragus_NY		M	Bourgikos					JCV28	Anopheles_quadrimaculatus	Multi_Anopheles	Multivoltine	A	A.1	A.1.1
NY|JC29|2017	JCV		2017-XX-XX	New-York	Suffolk_NY	Unknown_Suffolk_NY		M	Bourgikos					JCV29	Aedes_vexans	Multi_Aedes	Multivoltine	A	A.1	A.1.0
NY|JC30|2018	JCV		2018-XX-XX	New-York	Chautauqua_NY	Unknown_Chautauqua_NY		M	Bourgikos					JCV30	Anopheles_punctipennis	Multi_Anopheles	Multivoltine	A	A.1	A.1
NY|JC31|2018	JCV		2018-XX-XX	New-York	Erie_NY	Unknown_Erie_NY		M	Bourgikos					JCV31	Anopheles_punctipennis	Multi_Anopheles	Multivoltine	A	A.1	A.1.1
NY|JC32|2019	JCV		2019-XX-XX	New-York	Orange_NY	Unknown_Orange_NY		M	Bourgikos					JCV32	Coquillettidia_perturbans	Uni_Coquillettidia	Univoltine	A	A.1	A.1.0
NY|JC33|2019	JCV		2019-XX-XX	New-York	Erie_NY	Unknown_Erie_NY		M	Bourgikos					JCV33	Aedes_stimulans	Uni_Aedes	Univoltine	A	A.1	A.1.1
NY|JC060|2022	JCV		2022-XX-XX	New-York	Suffolk_NY	Unknown_Suffolk_NY		M	Bourgikos					JCV060	Aedes_canadensis	Uni_Aedes	Univoltine	A	A.1	A.1.2
NY|JC278|2022	JCV		2022-XX-XX	New-York	Madison_NY	Unknown_Madison_NY		M	Bourgikos					JCV278	Aedes_canadensis	Uni_Aedes	Univoltine	B	B	B
NY|JC333|2022	JCV		2022-XX-XX	New-York	Onondaga_NY	Unknown_Onondaga_NY		M	Bourgikos					JCV333	Coquillettidia_perturbans	Uni_Coquillettidia	Univoltine	A	A.1	A.1.2
NY|Yale-JC0665|2007	JCV		2007-07-03	New-York	Orange_NY	Unknown_Orange_NY		M	Bourgikos						Aedes_canadensis	Uni_Aedes	Univoltine	A	A.1	A.1
NY|Yale-JC0666|2008	JCV		2008-07-18	New-York	Cattaragus_NY	Unknown_Cattaragus_NY		M	Bourgikos						Anopheles_punctipennis	Multi_Anopheles	Multivoltine	A	A.1	A.1.1
NY|Yale-JC0667|2008	JCV		2008-06-12	New-York	Erie_NY	Unknown_Erie_NY		M	Bourgikos						Aedes_stimulans	Uni_Aedes	Univoltine	A	A.1	A.1.1
NY|Yale-JC0669|2008	JCV		2008-07-29	New-York	Orange_NY	Unknown_Orange_NY		M	Bourgikos						Aedes_canadensis	Uni_Aedes	Univoltine	A	A.1	A.1.2
NY|Yale-JC0671|2008	JCV		2008-07-17	New-York	Orange_NY	Unknown_Orange_NY		M	Bourgikos						Aedes_canadensis	Uni_Aedes	Univoltine	A	A.1	A.1
NY|Yale-JC0672|2008	JCV		2008-06-26	New-York	Oswego_NY	Unknown_Oswego_NY		M	Bourgikos						Aedes_japonicus	Multi_Aedes	Multivoltine	A	A.1	A.1.0
NY|Yale-JC0673|2008	JCV		2008-07-01	New-York	Putnam_NY	Unknown_Putnam_NY		M	Bourgikos						Coquillettidia_perturbans	Uni_Coquillettidia	Univoltine	A	A.1	A.1
NY|Yale-JC0674|2008	JCV		2008-07-10	New-York	Rockland_NY	Unknown_Rockland_NY		M	Bourgikos						Anopheles_punctipennis	Multi_Anopheles	Multivoltine	A	A.1	A.1.0
NY|Yale-JC0675|2008	JCV		2008-08-15	New-York	Ulster_NY	Unknown_Ulster_NY		M	Bourgikos						Coquillettidia_perturbans	Uni_Coquillettidia	Univoltine	A	A.1	A.1.0
NY|Yale-JC0676|2009	JCV		2009-07-31	New-York	Cattaragus_NY	Unknown_Cattaragus_NY		M	Bourgikos						Aedes_trivittatus	Multi_Aedes	Multivoltine	A	A.1	A.1.1
NY|Yale-JC0677|2009	JCV		2009-06-16	New-York	Erie_NY	Unknown_Erie_NY		M	Bourgikos						Aedes_canadensis	Uni_Aedes	Univoltine	A	A.1	A.1.1
NY|Yale-JC0678|2009	JCV		2009-06-10	New-York	Erie_NY	Unknown_Erie_NY		M	Bourgikos						Aedes_stimulans	Uni_Aedes	Univoltine	A	A.1	A.1.1
NY|Yale-JC0679|2009	JCV		2009-06-23	New-York	Erie_NY	Unknown_Erie_NY		M	Bourgikos						Aedes_stimulans	Uni_Aedes	Univoltine	A	A.1	A.1.1
NY|Yale-JC0680|2009	JCV		2009-06-29	New-York	Erie_NY	Unknown_Erie_NY		M	Bourgikos						Aedes_stimulans	Uni_Aedes	Univoltine	A	A.1	A.1.1
NY|Yale-JC0681|2009	JCV		2009-06-25	New-York	Orange_NY	Unknown_Orange_NY		M	Bourgikos						Aedes_canadensis	Uni_Aedes	Univoltine	A	A.1	A.1
NY|Yale-JC0682|2009	JCV		2009-07-16	New-York	Orange_NY	Unknown_Orange_NY		M	Bourgikos						Coquillettidia_perturbans	Uni_Coquillettidia	Univoltine	A	A.1	A.1
NY|Yale-JC0684|2020	JCV		2020-09-11	New-York	Chautauqua_NY	Unknown_Chautauqua_NY		M	Bourgikos						Anopheles_punctipennis	Multi_Anopheles	Multivoltine	A	A.1	A.1.1
NY|Yale-JC0686|2010	JCV		2010-07-14	New-York	Erie_NY	Unknown_Erie_NY		M	Bourgikos						Anopheles_punctipennis	Multi_Anopheles	Multivoltine	A	A.1	A.1
NY|Yale-JC0687|2010	JCV		2010-06-14	New-York	Erie_NY	Unknown_Erie_NY		M	Bourgikos						Aedes_stimulans	Uni_Aedes	Univoltine	A	A.1	A.1.1
NY|Yale-JC0688|2010	JCV		2010-06-30	New-York	Erie_NY	Unknown_Erie_NY		M	Bourgikos						Aedes_canadensis	Uni_Aedes	Univoltine	A	A.1	A.1.1
NY|Yale-JC0689|2010	JCV		2010-06-30	New-York	Erie_NY	Unknown_Erie_NY		M	Bourgikos						Aedes_stimulans	Uni_Aedes	Univoltine	A	A.1	A.1.1
NY|Yale-JC0690|2011	JCV		2011-06-23	New-York	Erie_NY	Unknown_Erie_NY		M	Bourgikos						Aedes_stimulans	Uni_Aedes	Univoltine	A	A.1	A.1.1
NY|Yale-JC0692|2011	JCV		2011-06-30	New-York	Putnam_NY	Unknown_Putnam_NY		M	Bourgikos						Aedes_canadensis	Uni_Aedes	Univoltine	A	A.1	A.1
NY|Yale-JC0693|2011	JCV		2011-07-21	New-York	Putnam_NY	Unknown_Putnam_NY		M	Bourgikos						Culiseta_melanura	Multi_Culiseta	Multivoltine	A	A.1	A.1
NY|Yale-JC0694|2012	JCV		2012-06-04	New-York	Erie_NY	Unknown_Erie_NY		M	Bourgikos						Aedes_vexans	Multi_Aedes	Multivoltine	A	A.1	A.1.1
NY|Yale-JC0695|2012	JCV		2012-06-04	New-York	Erie_NY	Unknown_Erie_NY		M	Bourgikos						Aedes_stimulans	Uni_Aedes	Univoltine	A	A.1	A.1.1
NY|Yale-JC0696|2012	JCV		2012-07-19	New-York	Monroe_NY	Unknown_Monroe_NY		M	Bourgikos						Coquillettidia_perturbans	Uni_Coquillettidia	Univoltine	A	A.1	A.1
NY|Yale-JC0697|2012	JCV		2012-06-21	New-York	Orange_NY	Unknown_Orange_NY		M	Bourgikos						Aedes_canadensis	Uni_Aedes	Univoltine	A	A.1	A.1.2
NY|Yale-JC0698|2012	JCV		2012-07-03	New-York	Orange_NY	Unknown_Orange_NY		M	Bourgikos						Aedes_canadensis	Uni_Aedes	Univoltine	A	A.1	A.1.2
NY|Yale-JC0700|2012	JCV		2012-07-12	New-York	Putnam_NY	Unknown_Putnam_NY		M	Bourgikos						Aedes_canadensis	Uni_Aedes	Univoltine	A	A.1	A.1.1
NY|Yale-JC0701|2012	JCV		2012-07-10	New-York	Putnam_NY	Unknown_Putnam_NY		M	Bourgikos						Aedes_canadensis	Uni_Aedes	Univoltine	A	A.1	A.1
NY|Yale-JC0702|2012	JCV		2012-08-02	New-York	Putnam_NY	Unknown_Putnam_NY		M	Bourgikos						Coquillettidia_perturbans	Uni_Coquillettidia	Univoltine	A	A.1	A.1.2
NY|Yale-JC0703|2012	JCV		2012-08-02	New-York	Putnam_NY	Unknown_Putnam_NY		M	Bourgikos						Coquillettidia_perturbans	Uni_Coquillettidia	Univoltine	A	A.1	A.1
NY|Yale-JC0705|2014	JCV		2014-06-20	New-York	Cattaragus_NY	Unknown_Cattaragus_NY		M	Bourgikos						Aedes_trivittatus	Multi_Aedes	Multivoltine	A	A.1	A.1.1
NY|Yale-JC0706|2014	JCV		2014-07-03	New-York	Erie_NY	Unknown_Erie_NY		M	Bourgikos						Aedes_stimulans	Uni_Aedes	Univoltine	A	A.1	A.1.1
NY|Yale-JC0707|2014	JCV		2014-09-03	New-York	Chautauqua_NY	Unknown_Chautauqua_NY		M	Bourgikos						Anopheles_punctipennis	Multi_Anopheles	Multivoltine	A	A.1	A.1.1
NY|Yale-JC0708|2014	JCV		2014-06-23	New-York	Erie_NY	Unknown_Erie_NY		M	Bourgikos						Aedes_stimulans	Uni_Aedes	Univoltine	A	A.1	A.1.1
NY|Yale-JC0709|2014	JCV		2014-06-25	New-York	Erie_NY	Unknown_Erie_NY		M	Bourgikos						Aedes_canadensis	Uni_Aedes	Univoltine	A	A.1	A.1.1
NY|Yale-JC0710|2014	JCV		2014-06-18	New-York	Monroe_NY	Unknown_Monroe_NY		M	Bourgikos						Aedes_canadensis	Uni_Aedes	Univoltine	A	A.1	A.1.2
NY|Yale-JC0711|2014	JCV		2014-07-17	New-York	Monroe_NY	Unknown_Monroe_NY		M	Bourgikos						Aedes_canadensis	Uni_Aedes	Univoltine	A	A.1	A.1.2
NY|Yale-JC0712|2014	JCV		2014-06-12	New-York	Ontario_NY	Unknown_Ontario_NY		M	Bourgikos						Aedes_canadensis	Uni_Aedes	Univoltine	A	A.1	A.1
NY|Yale-JC0715|2015	JCV		2015-06-04	New-York	Cattaragus_NY	Unknown_Cattaragus_NY		M	Bourgikos						Stc	Unknown	Unknown	A	A.1	A.1.1
NY|Yale-JC0716|2015	JCV		2015-07-14	New-York	Erie_NY	Unknown_Erie_NY		M	Bourgikos						Aedes_trivittatus	Multi_Aedes	Multivoltine	A	A.1	A.1.1
NY|Yale-JC0718.1|2014	JCV		2014-07-02	New-York	Oswego_NY	Unknown_Oswego_NY		M	Bourgikos						Anopheles_punctipennis	Multi_Anopheles	Multivoltine	A	A.1	A.1.0
NY|Yale-JC0719|2014	JCV		2014-07-02	New-York	Oswego_NY	Unknown_Oswego_NY		M	Bourgikos						Aedes_canadensis	Uni_Aedes	Univoltine	A	A.1	A.1.0
NY|Yale-JC0720|2015	JCV		2015-06-30	New-York	Putnam_NY	Unknown_Putnam_NY		M	Bourgikos						Aedes_canadensis	Uni_Aedes	Univoltine	A	A.1	A.1.2
NY|Yale-JC0721|2017	JCV		2017-08-16	New-York	Cattaragus_NY	Unknown_Cattaragus_NY		M	Bourgikos						Anopheles_punctipennis	Multi_Anopheles	Multivoltine	A	A.1	A.1
NY|Yale-JC0722|2018	JCV		2018-06-04	New-York	Cattaragus_NY	Unknown_Cattaragus_NY		M	Bourgikos						Aedes_trivittatus	Uni_Aedes	Univoltine	A	A.1	A.1.1
NY|Yale-JC0724|2018	JCV		2018-08-15	New-York	Chautauqua_NY	Unknown_Chautauqua_NY		M	Bourgikos						Anopheles_quadrimaculatus	Multi_Anopheles	Multivoltine	A	A.1	A.1
NY|Yale-JC0725|2018	JCV		2018-06-25	New-York	Erie_NY	Unknown_Erie_NY		M	Bourgikos						Aedes_canadensis	Uni_Aedes	Univoltine	A	A.1	A.1.1
NY|Yale-JC0726|2018	JCV		2018-06-19	New-York	Monroe_NY	Unknown_Monroe_NY		M	Bourgikos						Aedes_canadensis	Uni_Aedes	Univoltine	A	A.1	A.1.2
NY|Yale-JC0727|2018	JCV		2018-06-26	New-York	Monroe_NY	Unknown_Monroe_NY		M	Bourgikos						Aedes_stimulans	Uni_Aedes	Univoltine	A	A.1	A.1.2
NY|Yale-JC0728|2017	JCV		2017-07-03	New-York	Orange_NY	Unknown_Orange_NY		M	Bourgikos						Culiseta_melanura	Multi_Culiseta	Multivoltine	A	A.1	A.1.2
NY|Yale-JC0730|2018	JCV		2018-06-14	New-York	Putnam_NY	Unknown_Putnam_NY		M	Bourgikos						Aedes_vexans	Multi_Aedes	Multivoltine	A	A.1	A.1.2
NY|Yale-JC0731|2019	JCV		2019-07-09	New-York	Erie_NY	Unknown_Erie_NY		M	Bourgikos						Aedes_canadensis	Uni_Aedes	Univoltine	A	A.1	A.1
NY|Yale-JC0732|2019	JCV		2019-06-11	New-York	Monroe_NY	Unknown_Monroe_NY		M	Bourgikos						Aedes_cantator	Multi_Aedes	Multivoltine	A	A.1	A.1.2
NY|Yale-JC0733|2019	JCV		2019-06-11	New-York	Orange_NY	Unknown_Orange_NY		M	Bourgikos						Aedes_vexans	Multi_Aedes	Multivoltine	A	A.1	A.1.2
NY|Yale-JC0734|2019	JCV		2019-06-21	New-York	Orange_NY	Unknown_Orange_NY		M	Bourgikos						Aedes_canadensis	Uni_Aedes	Univoltine	A	A.1	A.1.2
NY|Yale-JC0736|2019	JCV		2019-07-23	New-York	Putnam_NY	Unknown_Putnam_NY		M	Bourgikos						Aedes_canadensis	Uni_Aedes	Univoltine	A	A.1	A.1
NY|Yale-JC0737|2020	JCV		2020-08-21	New-York	Chautauqua_NY	Unknown_Chautauqua_NY		M	Bourgikos						Anopheles_punctipennis	Multi_Anopheles	Multivoltine	A	A.1	A.1.1
NY|Yale-JC0738|2020	JCV		2020-09-01	New-York	Chautauqua_NY	Unknown_Chautauqua_NY		M	Bourgikos						Anopheles_punctipennis	Multi_Anopheles	Multivoltine	A	A.1	A.1
NY|Yale-JC0740|2020	JCV		2020-09-03	New-York	Chautauqua_NY	Unknown_Chautauqua_NY		M	Bourgikos						Anopheles_quadrimaculatus	Multi_Anopheles	Multivoltine	A	A.1	A.1
NY|Yale-JC0741|2020	JCV		2020-09-11	New-York	Chautauqua_NY	Unknown_Chautauqua_NY		M	Bourgikos						Anopheles_quadrimaculatus	Multi_Anopheles	Multivoltine	A	A.1	A.1
NY|Yale-JC0742|2020	JCV		2020-09-11	New-York	Chautauqua_NY	Unknown_Chautauqua_NY		M	Bourgikos						Anopheles_punctipennis	Multi_Anopheles	Multivoltine	A	A.1	A.1.1
NY|Yale-JC0743.1|2020	JCV		2020-09-11	New-York	Chautauqua_NY	Unknown_Chautauqua_NY		M	Bourgikos						Anopheles_quadrimaculatus	Multi_Anopheles	Multivoltine	A	A.1	A.1.1
NY|Yale-JC0744|2020	JCV		2020-07-14	New-York	Erie_NY	Unknown_Erie_NY		M	Bourgikos						Aedes_canadensis	Uni_Aedes	Univoltine	A	A.1	A.1.1
NY|Yale-JC0745|2013	JCV		2013-06-12	New-York	Erie_NY	Unknown_Erie_NY		M	Bourgikos						Aedes_vexans	Multi_Aedes	Multivoltine	A	A.1	A.1.1
NY|Yale-JC0746.1|2020	JCV		2020-06-23	New-York	Monroe_NY	Unknown_Monroe_NY		M	Bourgikos						Coquillettidia_perturbans	Uni_Coquillettidia	Univoltine	A	A.1	A.1.2
NY|Yale-JC0747|2020	JCV		2020-06-18	New-York	Oswego_NY	Unknown_Oswego_NY		M	Bourgikos						Aedes_vexans	Multi_Aedes	Multivoltine	A	A.1	A.1.0
NY|Yale-JC0748.1|2020	JCV		2020-06-25	New-York	Putnam_NY	Unknown_Putnam_NY		M	Bourgikos						Aedes_canadensis	Uni_Aedes	Univoltine	A	A.1	A.1
NY|Yale-JC0749|2020	JCV		2020-07-16	New-York	Putnam_NY	Unknown_Putnam_NY		M	Bourgikos						Coquillettidia_perturbans	Uni_Coquillettidia	Univoltine	A	A.1	A.1
NY|Yale-JC0750|2020	JCV		2020-08-13	New-York	Putnam_NY	Unknown_Putnam_NY		M	Bourgikos						Coquillettidia_perturbans	Uni_Coquillettidia	Univoltine	A	A.1	A.1.2
NY|Yale-JC0753|2021	JCV		2021-07-14	New-York	Monroe_NY	Unknown_Monroe_NY		M	Bourgikos						Anopheles_punctipennis	Multi_Anopheles	Multivoltine	A	A.1	A.1
NY|Yale-JC0754|2021	JCV		2021-06-30	New-York	Orange_NY	Unknown_Orange_NY		M	Bourgikos						Coquillettidia_perturbans	Uni_Coquillettidia	Univoltine	A	A.1	A.1
NY|Yale-JC0755|2021	JCV		2021-07-08	New-York	Orange_NY	Unknown_Orange_NY		M	Bourgikos						Aedes_vexans	Multi_Aedes	Multivoltine	A	A.1	A.1
NY|Yale-JC0756|2021	JCV		2021-06-29	New-York	Putnam_NY	Unknown_Putnam_NY		M	Bourgikos						Coquillettidia_perturbans	Uni_Coquillettidia	Univoltine	A	A.1	A.1
NY|Yale-JC0757|2021	JCV		2021-07-08	New-York	Putnam_NY	Unknown_Putnam_NY		M	Bourgikos						Aedes_canadensis	Uni_Aedes	Univoltine	A	A.1	A.1
NY|Yale-JC0758|2022	JCV		2022-06-15	New-York	Monroe_NY	Unknown_Monroe_NY		M	Bourgikos						Aedes_canadensis	Uni_Aedes	Univoltine	A	A.1	A.1
NY|Yale-JC0760|2022	JCV		2022-07-07	New-York	Monroe_NY	Unknown_Monroe_NY		M	Bourgikos						Aedes_canadensis	Uni_Aedes	Univoltine	A	A.1	A.1.2
NY|Yale-JC0761|2022	JCV		2022-06-09	New-York	Schoharie_NY	Unknown_Schoharie_NY		M	Bourgikos						Aedes_sollicitans	Multi_Aedes	Multivoltine	A	A.1	A.1.0
NY|Yale-JC0762|2022	JCV		2022-07-08	New-York	Orange_NY	Unknown_Orange_NY		M	Bourgikos						Coquillettidia_perturbans	Uni_Coquillettidia	Univoltine	A	A.1	A.1
NY|Yale-JC0763|2022	JCV		2022-07-17	New-York	Putnam_NY	Unknown_Putnam_NY		M	Bourgikos						Coquillettidia_perturbans	Uni_Coquillettidia	Univoltine	A	A.1	A.1.1
NY|Yale-JC0764|2022	JCV		2022-08-17	New-York	Schoharie_NY	Unknown_Schoharie_NY		M	Bourgikos						Anopheles_punctipennis	Multi_Anopheles	Multivoltine	A	A.1	A.1.0
NY|Yale-JC0765|2022	JCV		2022-09-15	New-York	Schoharie_NY	Unknown_Schoharie_NY		M	Bourgikos						Aedes_cantator	Multi_Aedes	Multivoltine	A	A.1	A.1.0
NY|Yale-JC0766|2020	JCV		2020-07-14	New-York	Erie_NY	Unknown_Erie_NY		M	Bourgikos						Coquillettidia_perturbans	Uni_Coquillettidia	Univoltine	A	A.1	A.1.1
NY|Yale-JC0767|2013	JCV		2013-07-16	New-York	Orange_NY	Unknown_Orange_NY		M	Bourgikos						Aedes_canadensis	Uni_Aedes	Univoltine	A	A.1	A.1
NY|Yale-JC0768|2017	JCV		2017-09-06	New-York	Ulster_NY	Unknown_Ulster_NY		M	Bourgikos						Aedes_vexans	Multi_Aedes	Multivoltine	A	A.1	A.1.0
NY|Yale-JC0769|2012	JCV		2012-07-10	New-York	Putnam_NY	Unknown_Putnam_NY		M	Bourgikos						Coquillettidia_perturbans	Uni_Coquillettidia	Univoltine	A	A.1	A.1.1
NY|Yale-JC0770|2013	JCV		2013-07-17	New-York	Erie_NY	Unknown_Erie_NY		M	Bourgikos						Anopheles_punctipennis	Multi_Anopheles	Multivoltine	A	A.1	A.1
NY|Yale-JC0771|2012	JCV		2012-06-20	New-York	Erie_NY	Unknown_Erie_NY		M	Bourgikos						Aedes_stimulans	Uni_Aedes	Univoltine	A	A.1	A.1.1
NY|Yale-JC0772|2019	JCV		2019-09-20	New-York	Chautauqua_NY	Unknown_Chautauqua_NY		M	Bourgikos						Anopheles_punctipennis	Multi_Anopheles	Multivoltine	A	A.1	A.1
CT|Yale-JC0001|1966	JCV		1966-06-27	Connecticut	Hartford_CT	Simsbury_CT		M	Bourgikos						Aedes_abserratus	Uni_Aedes	Univoltine	B	B	B
CT|Yale-JC0002|1992	JCV		1992-06-12	Connecticut	Middlesex_CT	Killingworth_CT		M	Bourgikos						Aedes_abserratus	Uni_Aedes	Univoltine	B	B	B.0
CT|Yale-JC0003|1997	JCV		1997-07-01	Connecticut	Fairfield_CT	Ridgefield_CT		M	Bourgikos						Aedes_canadensis	Uni_Aedes	Univoltine	A	A.1	A.1.0
CT|Yale-JC0005|1997	JCV		1997-07-09	Connecticut	Middlesex_CT	Chester_CT		M	Bourgikos						Anopheles_punctipennis	Multi_Anopheles	Multivoltine	B	B	B.0
CT|Yale-JC0006|1997	JCV		1997-07-14	Connecticut	Litchfield_CT	Litchfield_CT		M	Bourgikos						Aedes_abserratus	Uni_Aedes	Univoltine	B	B	B.0
CT|Yale-JC0007|1998	JCV		1998-06-29	Connecticut	New-London_CT	Waterford_CT		M	Bourgikos						Aedes_sticticus	Uni_Aedes	Univoltine	B	B	B.0
CT|Yale-JC0009|1998	JCV		1998-07-07	Connecticut	New-London_CT	North-Stonington_CT		M	Bourgikos						Culiseta_melanura	Multi_Culiseta	Multivoltine	B	B	B.0
CT|Yale-JC0011.1|1998	JCV		1998-07-20	Connecticut	New-London_CT	Ledyard_CT		M	Bourgikos						Aedes_trivittatus	Multi_Aedes	Multivoltine	B	B	B.0
CT|Yale-JC0013|1998	JCV		1998-09-16	Connecticut	Windham_CT	Hampton_CT		M	Bourgikos						Anopheles_punctipennis	Multi_Anopheles	Multivoltine	A	A.1	A.1.0
CT|Yale-JC0014|1999	JCV		1999-06-14	Connecticut	Middlesex_CT	Cromwell_CT		M	Bourgikos						Aedes_aurifer	Uni_Aedes	Univoltine	A	A.1	A.1.0
CT|Yale-JC0015|1999	JCV		1999-06-14	Connecticut	Litchfield_CT	Canaan_CT		M	Bourgikos						Aedes_abserratus	Uni_Aedes	Univoltine	A	A.1	A.1.0
CT|Yale-JC0016|1999	JCV		1999-06-14	Connecticut	Litchfield_CT	Canaan_CT		M	Bourgikos						Aedes_trivittatus	Multi_Aedes	Multivoltine	A	A.1	A.1.0
CT|Yale-JC0018|1999	JCV		1999-06-14	Connecticut	Litchfield_CT	Canaan_CT		M	Bourgikos						Aedes_vexans	Multi_Aedes	Multivoltine	A	A.1	A.1.0
CT|Yale-JC0019|1999	JCV		1999-06-19	Connecticut	Litchfield_CT	Litchfield_CT		M	Bourgikos						Aedes_abserratus	Uni_Aedes	Univoltine	A	A.1	A.1.0
CT|Yale-JC0020|1999	JCV		1999-06-22	Connecticut	Litchfield_CT	Litchfield_CT		M	Bourgikos						Aedes_abserratus	Uni_Aedes	Univoltine	A	A.1	A.1.0
CT|Yale-JC0022|1999	JCV		1999-06-23	Connecticut	Middlesex_CT	Cromwell_CT		M	Bourgikos						Aedes_aurifer	Uni_Aedes	Univoltine	A	A.1	A.1.0
CT|Yale-JC0024|2000	JCV		2000-06-13	Connecticut	Middlesex_CT	Chester_CT		M	Bourgikos						Aedes_abserratus	Uni_Aedes	Univoltine	B	B	B.0
CT|Yale-JC0025|2000	JCV		2000-06-14	Connecticut	Litchfield_CT	Canaan_CT		M	Bourgikos						Aedes_abserratus	Uni_Aedes	Univoltine	A	A.1	A.1.0
CT|Yale-JC0026|2000	JCV		2000-06-14	Connecticut	Litchfield_CT	Canaan_CT		M	Bourgikos						Aedes_canadensis	Uni_Aedes	Univoltine	A	A.1	A.1.0
CT|Yale-JC0027|2000	JCV		2000-06-19	Connecticut	New-Haven_CT	Hamden_CT		M	Bourgikos						Aedes_canadensis	Uni_Aedes	Univoltine	B	B	B.0
CT|Yale-JC0028|2000	JCV		2000-06-19	Connecticut	Fairfield_CT	New-Canaan_CT		M	Bourgikos						Aedes_canadensis	Uni_Aedes	Univoltine	A	A.1	A.1.0
CT|Yale-JC0030|2000	JCV		2000-06-19	Connecticut	Fairfield_CT	New-Canaan_CT		M	Bourgikos						Aedes_canadensis	Uni_Aedes	Univoltine	A	A.1	A.1.0
CT|Yale-JC0031|2000	JCV		2000-06-22	Connecticut	New-Haven_CT	Branford_CT		M	Bourgikos						Aedes_excrucians	Uni_Aedes	Univoltine	A	A.1	A.1.0
CT|Yale-JC0032|2000	JCV		2000-06-22	Connecticut	New-Haven_CT	Guilford_CT		M	Bourgikos						Aedes_canadensis	Uni_Aedes	Univoltine	A	A.1	A.1.0
CT|Yale-JC0034|2000	JCV		2000-06-29	Connecticut	New-Haven_CT	West-Haven_CT		M	Bourgikos						Aedes_excrucians	Uni_Aedes	Univoltine	A	A.1	A.1.0
CT|Yale-JC0035|2000	JCV		2000-07-06	Connecticut	Litchfield_CT	Litchfield_CT		M	Bourgikos						Aedes_sticticus	Uni_Aedes	Univoltine	B	B	B.0
CT|Yale-JC0036|2000	JCV		2000-07-11	Connecticut	New-Haven_CT	North-Haven_CT		M	Bourgikos						Aedes_sticticus	Uni_Aedes	Univoltine	A	A.1	A.1.0
CT|Yale-JC0037|2000	JCV		2000-07-12	Connecticut	Fairfield_CT	New-Canaan_CT		M	Bourgikos						Aedes_canadensis	Uni_Aedes	Univoltine	A	A.1	A.1.0
CT|Yale-JC0038|2000	JCV		2000-07-19	Connecticut	Middlesex_CT	Cromwell_CT		M	Bourgikos						Aedes_sticticus	Uni_Aedes	Univoltine	B	B	B.0
CT|Yale-JC0039|2000	JCV		2000-07-19	Connecticut	New-Haven_CT	North-Branford_CT		M	Bourgikos						Aedes_cantator	Multi_Aedes	Multivoltine	none	none	none
CT|Yale-JC0040|2000	JCV		2000-07-20	Connecticut	Fairfield_CT	Easton_CT		M	Bourgikos						Aedes_canadensis	Uni_Aedes	Univoltine	A	A.1	A.1.0
CT|Yale-JC0041|2000	JCV		2000-07-20	Connecticut	New-Haven_CT	North-Haven_CT		M	Bourgikos						Aedes_vexans	Multi_Aedes	Multivoltine	A	A.1	A.1.0
CT|Yale-JC0042|2000	JCV		2000-08-03	Connecticut	Tolland_CT	Columbia_CT		M	Bourgikos						Coquillettidia_perturbans	Uni_Coquillettidia	Univoltine	B	B	B
CT|Yale-JC0046|2000	JCV		2000-08-29	Connecticut	New-London_CT	Waterford_CT		M	Bourgikos						Aedes_canadensis	Uni_Aedes	Univoltine	B	B	B.0
CT|Yale-JC0051|2001	JCV		2001-06-12	Connecticut	Litchfield_CT	Canaan_CT		M	Bourgikos						Aedes_provocans	Uni_Aedes	Univoltine	A	A.1	A.1.0
CT|Yale-JC0052|2001	JCV		2001-06-28	Connecticut	Fairfield_CT	Monroe_CT		M	Bourgikos						Coquillettidia_perturbans	Uni_Coquillettidia	Univoltine	B	B	B.0
CT|Yale-JC0053|2001	JCV		2001-07-10	Connecticut	Fairfield_CT	Monroe_CT		M	Bourgikos						Aedes_sticticus	Uni_Aedes	Univoltine	A	A.1	A.1.0
CT|Yale-JC0054|2001	JCV		2001-07-18	Connecticut	New-Haven_CT	Hamden_CT		M	Bourgikos						Anopheles_punctipennis	Multi_Anopheles	Multivoltine	A	A.1	A.1.0
CT|Yale-JC0055|2002	JCV		2002-06-16	Connecticut	Fairfield_CT	Wilton_CT		M	Bourgikos						Aedes_canadensis	Uni_Aedes	Univoltine	A	A.1	A.1.0
CT|Yale-JC0056|2002	JCV		2002-06-17	Connecticut	New-Haven_CT	North-Haven_CT		M	Bourgikos						Aedes_trivittatus	Multi_Aedes	Multivoltine	A	A.1	A.1.0
CT|Yale-JC0057|2002	JCV		2002-06-17	Connecticut	Hartford_CT	South-Windsor_CT		M	Bourgikos						Aedes_abserratus	Uni_Aedes	Univoltine	A	A.1	A.1.0
CT|Yale-JC0058.1|2002	JCV		2002-06-19	Connecticut	Fairfield_CT	Stratford_CT		M	Bourgikos						Aedes_cantator	Multi_Aedes	Multivoltine	A	A.1	A.1.0
CT|Yale-JC0059|2002	JCV		2002-06-20	Connecticut	Middlesex_CT	Chester_CT		M	Bourgikos						Aedes_canadensis	Uni_Aedes	Univoltine	A	A.1	A.1.0
CT|Yale-JC0060|2002	JCV		2002-06-27	Connecticut	New-Haven_CT	West-Haven_CT		M	Bourgikos						Aedes_cantator	Multi_Aedes	Multivoltine	A	A.1	A.1.0
CT|Yale-JC0061|2002	JCV		2002-06-27	Connecticut	Tolland_CT	Willlington_CT		M	Bourgikos						Aedes_canadensis	Uni_Aedes	Univoltine	B	B	B.0
CT|Yale-JC0062|2002	JCV		2002-07-01	Connecticut	Fairfield_CT	Shelton_CT		M	Bourgikos						Aedes_sticticus	Uni_Aedes	Univoltine	A	A.1	A.1.0
CT|Yale-JC0063|2002	JCV		2002-07-01	Connecticut	Fairfield_CT	Wilton_CT		M	Bourgikos						Aedes_canadensis	Uni_Aedes	Univoltine	A	A.1	A.1.0
CT|Yale-JC0065|2002	JCV		2002-07-17	Connecticut	New-London_CT	Voluntown_CT		M	Bourgikos						Aedes_excrucians	Uni_Aedes	Univoltine	B	B	B.0
CT|Yale-JC0066|2002	JCV		2002-07-22	Connecticut	Hartford_CT	Farmington_CT		M	Bourgikos						Anopheles_punctipennis	Multi_Anopheles	Multivoltine	B	B	B.0
CT|Yale-JC0067|2002	JCV		2002-07-24	Connecticut	Windham_CT	Hampton_CT		M	Bourgikos						Anopheles_punctipennis	Multi_Anopheles	Multivoltine	B	B	B.0
CT|Yale-JC0068|2002	JCV		2002-07-30	Connecticut	Litchfield_CT	Canaan_CT		M	Bourgikos						Aedes_cinereus	Uni_Aedes	Univoltine	A	A.1	A.1.0
CT|Yale-JC0070|2002	JCV		2002-08-19	Connecticut	Fairfield_CT	Newtown_CT		M	Bourgikos						Anopheles_punctipennis	Multi_Anopheles	Multivoltine	A	A.1	A.1.0
CT|Yale-JC0071|2002	JCV		2002-09-25	Connecticut	Fairfield_CT	Stamford_CT		M	Bourgikos						Aedes_vexans	Multi_Aedes	Multivoltine	A	A.1	A.1.0
CT|Yale-JC0073.1|2003	JCV		2003-06-11	Connecticut	Middlesex_CT	Cromwell_CT		M	Bourgikos						Aedes_aurifer	Uni_Aedes	Univoltine	A	A.1	A.1.0
CT|Yale-JC0076|2003	JCV		2003-06-11	Connecticut	Middlesex_CT	Cromwell_CT		M	Bourgikos						Aedes_aurifer	Uni_Aedes	Univoltine	A	A.1	A.1.0
CT|Yale-JC0077.1|2003	JCV		2003-06-11	Connecticut	Middlesex_CT	Cromwell_CT		M	Bourgikos						Aedes_aurifer	Uni_Aedes	Univoltine	A	A.1	A.1.0
CT|Yale-JC0078|2003	JCV		2003-06-16	Connecticut	Litchfield_CT	Barkhamsted_CT		M	Bourgikos						Aedes_communis	Uni_Aedes	Univoltine	B	B	B
CT|Yale-JC0080|2003	JCV		2003-06-17	Connecticut	New-Haven_CT	Woodbridge_CT		M	Bourgikos						Aedes_abserratus	Uni_Aedes	Univoltine	A	A.1	A.1.0
CT|Yale-JC0081|2003	JCV		2003-06-19	Connecticut	New-London_CT	Franklin_CT		M	Bourgikos						Aedes_abserratus	Uni_Aedes	Univoltine	B	B	B.0
CT|Yale-JC0083|2003	JCV		2003-06-19	Connecticut	Fairfield_CT	Westport_CT		M	Bourgikos						Aedes_canadensis	Uni_Aedes	Univoltine	A	A.1	A.1.0
CT|Yale-JC0084|2003	JCV		2003-06-25	Connecticut	Litchfield_CT	Barkhamsted_CT		M	Bourgikos						Aedes_excrucians	Uni_Aedes	Univoltine	B	B	B
CT|Yale-JC0085.1|2003	JCV		2003-06-30	Connecticut	New-London_CT	Old-Lyme_CT		M	Bourgikos						Aedes_cantator	Multi_Aedes	Multivoltine	B	B	B.0
CT|Yale-JC0087|2003	JCV		2003-07-01	Connecticut	Fairfield_CT	Monroe_CT		M	Bourgikos						Anopheles_punctipennis	Multi_Anopheles	Multivoltine	A	A.1	A.1.0
CT|Yale-JC0089|2003	JCV		2003-07-01	Connecticut	Middlesex_CT	Chester_CT		M	Bourgikos						Aedes_abserratus	Uni_Aedes	Univoltine	B	B	B.0
ND|Yale-JC0091|2003	JCV		2003-07-04	North-Dakota	Unknown_ND	Unknown_ND		M	Bourgikos						Aedes_vexans	Multi_Aedes	Multivoltine	A	A.2	A.2.1
ND|Yale-JC0092.2|2003	JCV		2003-07-04	North-Dakota	Nelson_ND	Lakota_ND		M	Bourgikos						Aedes_dorsalis	Multi_Aedes	Multivoltine	A	A.2	A.2.0
CT|Yale-JC0097.1|2003	JCV		2003-07-07	Connecticut	Middlesex_CT	Cromwell_CT		M	Bourgikos						Aedes_cantator	Multi_Aedes	Multivoltine	A	A.2	A.2.1
CT|Yale-JC0098|2003	JCV		2003-07-07	Connecticut	Fairfield_CT	Stamford_CT		M	Bourgikos						Aedes_aurifer	Uni_Aedes	Univoltine	A	A.1	A.1.0
CT|Yale-JC0099|2003	JCV		2003-07-08	Connecticut	Fairfield_CT	Darien_CT		M	Bourgikos						Aedes_taeniorhynchus	Multi_Aedes	Multivoltine	A	A.1	A.1.0
CT|Yale-JC0100|2003	JCV		2003-07-08	Connecticut	Fairfield_CT	Darien_CT		M	Bourgikos						Aedes_cantator	Multi_Aedes	Multivoltine	A	A.1	A.1.0
CT|Yale-JC0101|2003	JCV		2003-07-08	Connecticut	New-Haven_CT	North-Haven_CT		M	Bourgikos						Aedes_sticticus	Uni_Aedes	Univoltine	A	A.1	A.1.0
CT|Yale-JC0102|2003	JCV		2003-07-08	Connecticut	Fairfield_CT	Redding_CT		M	Bourgikos						Aedes_canadensis	Uni_Aedes	Univoltine	A	A.1	A.1.0
CT|Yale-JC0103|2003	JCV		2003-07-08	Connecticut	Tolland_CT	Tolland_CT		M	Bourgikos						Aedes_canadensis	Uni_Aedes	Univoltine	A	A.1	A.1.0
CT|Yale-JC0104|2003	JCV		2003-07-08	Connecticut	Hartford_CT	West-Hartford_CT		M	Bourgikos						Aedes_canadensis	Uni_Aedes	Univoltine	B	B	B.0
CT|Yale-JC0105|2003	JCV		2003-07-10	Connecticut	Fairfield_CT	Danbury_CT		M	Bourgikos						Anopheles_punctipennis	Multi_Anopheles	Multivoltine	B	B	B.0
CT|Yale-JC0107|2003	JCV		2003-07-10	Connecticut	Fairfield_CT	Ridgefield_CT		M	Bourgikos						Aedes_trivittatus	Multi_Aedes	Multivoltine	B	B	B.0
CT|Yale-JC0108|2003	JCV		2003-07-14	Connecticut	New-London_CT	Franklin_CT		M	Bourgikos						Aedes_cinereus	Uni_Aedes	Univoltine	B	B	B.0
CT|Yale-JC0109|2003	JCV		2003-07-14	Connecticut	New-London_CT	Franklin_CT		M	Bourgikos						Aedes_canadensis	Uni_Aedes	Univoltine	A	A.1	A.1.0
CT|Yale-JC0111|2003	JCV		2003-07-16	Connecticut	Fairfield_CT	Stamford_CT		M	Bourgikos						Aedes_excrucians	Uni_Aedes	Univoltine	A	A.1	A.1.0
CT|Yale-JC0112|2003	JCV		2003-07-17	Connecticut	Fairfield_CT	Darien_CT		M	Bourgikos						Aedes_taeniorhynchus	Multi_Aedes	Multivoltine	A	A.1	A.1.0
CT|Yale-JC0113|2003	JCV		2003-07-17	Connecticut	Fairfield_CT	Darien_CT		M	Bourgikos						Aedes_cantator	Multi_Aedes	Multivoltine	A	A.1	A.1.0
CT|Yale-JC0114|2003	JCV		2003-07-21	Connecticut	New-Haven_CT	West-Haven_CT		M	Bourgikos						Aedes_vexans	Multi_Aedes	Multivoltine	A	A.1	A.1.0
CT|Yale-JC0115|2003	JCV		2003-07-21	Connecticut	New-Haven_CT	West-Haven_CT		M	Bourgikos						Aedes_cantator	Multi_Aedes	Multivoltine	A	A.1	A.1.0
CT|Yale-JC0116|2003	JCV		2003-07-21	Connecticut	New-Haven_CT	West-Haven_CT		M	Bourgikos						Aedes_cantator	Multi_Aedes	Multivoltine	A	A.1	A.1.0
CT|Yale-JC0117|2003	JCV		2003-07-22	Connecticut	Windham_CT	Windham_CT		M	Bourgikos						Aedes_canadensis	Uni_Aedes	Univoltine	A	A.2	A.2.1
ND|Yale-JC0118|2003	JCV		2003-07-22	North-Dakota	Cass_ND	Argusville_ND		M	Bourgikos						Aedes_vexans	Multi_Aedes	Multivoltine	A	A.2	A.2.0
ND|Yale-JC0119|2003	JCV		2003-07-22	North-Dakota	Cass_ND	Argusville_ND		M	Bourgikos						Aedes_vexans	Multi_Aedes	Multivoltine	A	A.2	A.2.0
ND|Yale-JC0120|2003	JCV		2003-07-22	North-Dakota	Cass_ND	Argusville_ND		M	Bourgikos						Aedes_vexans	Multi_Aedes	Multivoltine	A	A.2	A.2.0
ND|Yale-JC0121|2003	JCV		2003-07-22	North-Dakota	Cass_ND	Argusville_ND		M	Bourgikos						Aedes_vexans	Multi_Aedes	Multivoltine	A	A.2	A.2.0
ND|Yale-JC0122|2003	JCV		2003-07-22	North-Dakota	Cass_ND	Argusville_ND		M	Bourgikos						Aedes_vexans	Multi_Aedes	Multivoltine	A	A.1	A.1.0
CT|Yale-JC0123|2003	JCV		2003-07-23	Connecticut	Fairfield_CT	Westport_CT		M	Bourgikos						Aedes_canadensis	Uni_Aedes	Univoltine	A	A.2	A.2.0
CT|Yale-JC0124|2003	JCV		2003-07-24	Connecticut	New-London_CT	North-Stonington_CT		M	Bourgikos						Aedes_sticticus	Uni_Aedes	Univoltine	A	A.2	A.2.0
CT|Yale-JC0125|2003	JCV		2003-07-28	Connecticut	New-Haven_CT	Branford_CT		M	Bourgikos						Aedes_cantator	Multi_Aedes	Multivoltine	A	A.2	A.2.0
CT|Yale-JC0126|2003	JCV		2003-07-28	Connecticut	Fairfield_CT	Fairfield_CT		M	Bourgikos						Aedes_cantator	Multi_Aedes	Multivoltine	A	A.2	A.2.0
CT|Yale-JC0127|2003	JCV		2003-07-28	Connecticut	New-London_CT	Groton_CT		M	Bourgikos						Aedes_canadensis	Uni_Aedes	Univoltine	A	A.2	A.2.0
ND|Yale-JC0128|2003	JCV		2003-07-29	North-Dakota	Cass_ND	Argusville_ND		M	Bourgikos						Aedes_vexans	Multi_Aedes	Multivoltine	A	A.2	A.2.0
ND|Yale-JC0129.1|2003	JCV		2003-07-29	North-Dakota	Cass_ND	Argusville_ND		M	Bourgikos						Aedes_vexans	Multi_Aedes	Multivoltine	A	A.1	A.1.0
ND|Yale-JC0130|2003	JCV		2003-07-29	North-Dakota	Cass_ND	Argusville_ND		M	Bourgikos						Aedes_vexans	Multi_Aedes	Multivoltine	A	A.1	A.1.0
ND|Yale-JC0131|2003	JCV		2003-07-29	North-Dakota	Cass_ND	Argusville_ND		M	Bourgikos						Aedes_vexans	Multi_Aedes	Multivoltine	A	A.1	A.1.0
ND|Yale-JC0133|2003	JCV		2003-07-29	North-Dakota	Cass_ND	Argusville_ND		M	Bourgikos						Aedes_vexans	Multi_Aedes	Multivoltine	A	A.1	A.1.0
CT|Yale-JC0134|2003	JCV		2003-07-30	Connecticut	Fairfield_CT	Weston_CT		M	Bourgikos						Aedes_sticticus	Uni_Aedes	Univoltine	A	A.1	A.1.0
CT|Yale-JC0135|2003	JCV		2003-07-31	Connecticut	Fairfield_CT	Danbury_CT		M	Bourgikos						Coquillettidia_perturbans	Uni_Coquillettidia	Univoltine	A	A.1	A.1.0
CT|Yale-JC0136|2003	JCV		2003-07-31	Connecticut	Fairfield_CT	Danbury_CT		M	Bourgikos						Culex_restuans	Multi_Culex	Multivoltine	B	B	B.0
CT|Yale-JC0137|2003	JCV		2003-07-31	Connecticut	Fairfield_CT	Ridgefield_CT		M	Bourgikos						Aedes_canadensis	Uni_Aedes	Univoltine	A	A.1	A.1.0
ND|Yale-JC0138|2003	JCV		2003-08-05	North-Dakota	Cass_ND	Argusville_ND		M	Bourgikos						Aedes_vexans	Multi_Aedes	Multivoltine	B	B	B.0
CT|Yale-JC0139|2003	JCV		2003-08-07	Connecticut	Litchfield_CT	Cornwall_CT		M	Bourgikos						Coquillettidia_perturbans	Uni_Coquillettidia	Univoltine	B	B	B.0
CT|Yale-JC0140|2003	JCV		2003-08-21	Connecticut	Fairfield_CT	Weston_CT		M	Bourgikos						Aedes_canadensis	Uni_Aedes	Univoltine	A	A.1	A.1.0
CT|Yale-JC0142|2003	JCV		2003-09-02	Connecticut	Fairfield_CT	Darien_CT		M	Bourgikos						Aedes_sollicitans	Multi_Aedes	Multivoltine	A	A.1	A.1.0
CT|Yale-JC0143|2003	JCV		2003-09-24	Connecticut	New-Haven_CT	Hamden_CT		M	Bourgikos						Psorophora_ferox	Multi_Psorophora	Multivoltine	A	A.1	A.1.0
CT|Yale-JC0144|2004	JCV		2004-06-03	Connecticut	New-London_CT	Voluntown_CT		M	Bourgikos						Aedes_abserratus	Uni_Aedes	Univoltine	B	B	B.0
CT|Yale-JC0146|2004	JCV		2004-06-09	Connecticut	New-Haven_CT	Milford_CT		M	Bourgikos						Aedes_cinereus	Uni_Aedes	Univoltine	A	A.1	A.1.0
CT|Yale-JC0147|2004	JCV		2004-06-15	Connecticut	Litchfield_CT	Litchfield_CT		M	Bourgikos						Aedes_abserratus	Uni_Aedes	Univoltine	A	A.1	A.1.0
CT|Yale-JC0148|2004	JCV		2004-06-16	Connecticut	New-Haven_CT	Hamden_CT		M	Bourgikos						Anopheles_punctipennis	Multi_Anopheles	Multivoltine	A	A.1	A.1.0
CT|Yale-JC0149|2004	JCV		2004-06-16	Connecticut	New-Haven_CT	Hamden_CT		M	Bourgikos						Aedes_cantator	Multi_Aedes	Multivoltine	A	A.1	A.1.0
CT|Yale-JC0150|2004	JCV		2004-06-16	Connecticut	Fairfield_CT	Darien_CT		M	Bourgikos						Aedes_cantator	Multi_Aedes	Multivoltine	A	A.2	A.2.0
CT|Yale-JC0151|2004	JCV		2004-06-20	Connecticut	New-Haven_CT	Milford_CT		M	Bourgikos						Aedes_cantator	Multi_Aedes	Multivoltine	A	A.2	A.2.0
CT|Yale-JC0152|2004	JCV		2004-06-23	Connecticut	Middlesex_CT	Cromwell_CT		M	Bourgikos						Aedes_aurifer	Uni_Aedes	Univoltine	A	A.2	A.2.0
CT|Yale-JC0153|2004	JCV		2004-06-23	Connecticut	Middlesex_CT	Cromwell_CT		M	Bourgikos						Aedes_aurifer	Uni_Aedes	Univoltine	A	A.2	A.2.0
CT|Yale-JC0154|2004	JCV		2004-06-29	Connecticut	Fairfield_CT	Weston_CT		M	Bourgikos						Aedes_canadensis	Uni_Aedes	Univoltine	A	A.2	A.2.0
ND|Yale-JC0156|2004	JCV		2004-07-08	North-Dakota	Cass_ND	Fargo_ND		M	Bourgikos						Aedes_vexans	Multi_Aedes	Multivoltine	B	B	B
ND|Yale-JC0157|2004	JCV		2004-07-12	North-Dakota	Cass_ND	Fargo_ND		M	Bourgikos						Aedes_vexans	Multi_Aedes	Multivoltine	A	A.1	A.1.0
ND|Yale-JC0158|2004	JCV		2004-07-12	North-Dakota	Cass_ND	Fargo_ND		M	Bourgikos						Aedes_vexans	Multi_Aedes	Multivoltine	A	A.1	A.1.0
ND|Yale-JC0160|2004	JCV		2004-07-12	North-Dakota	Cass_ND	Fargo_ND		M	Bourgikos						Aedes_dorsalis	Multi_Aedes	Multivoltine	A	A.1	A.1.0
CT|Yale-JC0161|2004	JCV		2004-07-26	Connecticut	New-Haven_CT	Milford_CT		M	Bourgikos						Aedes_cinereus	Uni_Aedes	Univoltine	A	A.2	A.2.0
ND|Yale-JC0162|2004	JCV		2004-07-29	North-Dakota	Cass_ND	Fargo_ND		M	Bourgikos						Aedes_trivittatus	Multi_Aedes	Multivoltine	A	A.2	A.2.0
ND|Yale-JC0164|2004	JCV		2004-08-24	North-Dakota	Cass_ND	Fargo_ND		M	Bourgikos						Aedes_vexans	Multi_Aedes	Multivoltine	A	A.2	A.2.0
CT|Yale-JC0167|2005	JCV		2005-06-08	Connecticut	Fairfield_CT	Darien_CT		M	Bourgikos						Aedes_cantator	Multi_Aedes	Multivoltine	A	A.1	A.1.0
CT|Yale-JC0168|2005	JCV		2005-06-14	Connecticut	New-Haven_CT	Milford_CT		M	Bourgikos						Aedes_cantator	Multi_Aedes	Multivoltine	A	A.1	A.1.0
CT|Yale-JC0170|2005	JCV		2005-06-20	Connecticut	Fairfield_CT	Darien_CT		M	Bourgikos						Aedes_sollicitans	Multi_Aedes	Multivoltine	A	A.1	A.1.0
CT|Yale-JC0171|2005	JCV		2005-06-20	Connecticut	Fairfield_CT	Darien_CT		M	Bourgikos						Aedes_taeniorhynchus	Multi_Aedes	Multivoltine	A	A.1	A.1.0
CT|Yale-JC0172|2005	JCV		2005-06-20	Connecticut	Fairfield_CT	Darien_CT		M	Bourgikos						Aedes_cantator	Multi_Aedes	Multivoltine	A	A.1	A.1.0
CT|Yale-JC0173|2005	JCV		2005-06-20	Connecticut	Hartford_CT	Farmington_CT		M	Bourgikos						Anopheles_punctipennis	Multi_Anopheles	Multivoltine	A	A.2	A.2.0
CT|Yale-JC0174|2005	JCV		2005-06-20	Connecticut	Hartford_CT	Farmington_CT		M	Bourgikos						Aedes_canadensis	Uni_Aedes	Univoltine	B	B	B.0
CT|Yale-JC0175|2005	JCV		2005-06-21	Connecticut	New-Haven_CT	West-Haven_CT		M	Bourgikos						Aedes_cantator	Multi_Aedes	Multivoltine	B	B	B.0
CT|Yale-JC0177|2005	JCV		2005-06-22	Connecticut	New-Haven_CT	Milford_CT		M	Bourgikos						Aedes_canadensis	Uni_Aedes	Univoltine	A	A.1	A.1.0
CT|Yale-JC0178|2005	JCV		2005-06-27	Connecticut	New-Haven_CT	Guilford_CT		M	Bourgikos						Aedes_cinereus	Uni_Aedes	Univoltine	A	A.1	A.1.0
CT|Yale-JC0179|2005	JCV		2005-06-27	Connecticut	New-Haven_CT	Guilford_CT		M	Bourgikos						Coquillettidia_perturbans	Uni_Coquillettidia	Univoltine	A	A.1	A.1.0
CT|Yale-JC0183|2005	JCV		2005-06-29	Connecticut	Fairfield_CT	Darien_CT		M	Bourgikos						Aedes_sollicitans	Multi_Aedes	Multivoltine	A	A.1	A.1.0
CT|Yale-JC0184.1|2005	JCV		2005-06-29	Connecticut	Fairfield_CT	Darien_CT		M	Bourgikos						Aedes_taeniorhynchus	Multi_Aedes	Multivoltine	A	A.1	A.1.0
ND|Yale-JC0186|2005	JCV		2005-07-02	North-Dakota	Cass_ND	Fargo_ND		M	Bourgikos						Aedes_vexans	Multi_Aedes	Multivoltine	B	B	B
ND|Yale-JC0187|2005	JCV		2005-07-06	North-Dakota	Williams_ND	Williston_ND		M	Bourgikos						Aedes_vexans	Multi_Aedes	Multivoltine	A	A.2	A.2.1
ND|Yale-JC0188|2005	JCV		2005-07-06	North-Dakota	Williams_ND	Williston_ND		M	Bourgikos						Culiseta_inornata	Multi_Culiseta	Multivoltine	A	A.2	A.2.0
CT|Yale-JC0189|2005	JCV		2005-07-07	Connecticut	New-London_CT	Stonington_CT		M	Bourgikos						Aedes_cantator	Multi_Aedes	Multivoltine	B	B	B
ND|Yale-JC0190|2005	JCV		2005-07-08	North-Dakota	Cass_ND	Fargo_ND		M	Bourgikos						Aedes_sticticus	Uni_Aedes	Univoltine	A	A.2	A.2.0
ND|Yale-JC0192|2005	JCV		2005-07-08	North-Dakota	Cass_ND	Argusville_ND		M	Bourgikos						Aedes_trivittatus	Multi_Aedes	Multivoltine	A	A.2	A.2.0
ND|Yale-JC0193|2005	JCV		2005-07-08	North-Dakota	Cass_ND	Fargo_ND		M	Bourgikos						Aedes_trivittatus	Multi_Aedes	Multivoltine	A	A.2	A.2.0
ND|Yale-JC0194|2005	JCV		2005-07-11	North-Dakota	Cass_ND	Fargo_ND		M	Bourgikos						Aedes_vexans	Multi_Aedes	Multivoltine	A	A.2	A.2.0
ND|Yale-JC0195|2005	JCV		2005-07-12	North-Dakota	Williams_ND	Williston_ND		M	Bourgikos						Aedes_trivittatus	Multi_Aedes	Multivoltine	A	A.2	A.2.0
ND|Yale-JC0196|2005	JCV		2005-07-12	North-Dakota	Williams_ND	Williston_ND		M	Bourgikos						Aedes_vexans	Multi_Aedes	Multivoltine	A	A.2	A.2.1
ND|Yale-JC0197|2005	JCV		2005-07-12	North-Dakota	Williams_ND	Williston_ND		M	Bourgikos						Aedes_vexans	Multi_Aedes	Multivoltine	A	A.2	A.2.1
CT|Yale-JC0198|2005	JCV		2005-07-13	Connecticut	New-Haven_CT	Woodbridge_CT		M	Bourgikos						Coquillettidia_perturbans	Uni_Coquillettidia	Univoltine	A	A.1	A.1.0
ND|Yale-JC0200|2005	JCV		2005-07-18	North-Dakota	Cass_ND	Fargo_ND		M	Bourgikos						Aedes_trivittatus	Multi_Aedes	Multivoltine	A	A.2	A.2.1
ND|Yale-JC0201|2005	JCV		2005-07-19	North-Dakota	Williams_ND	Williston_ND		M	Bourgikos						Aedes_vexans	Multi_Aedes	Multivoltine	A	A.2	A.2.1
ND|Yale-JC0202|2005	JCV		2005-07-19	North-Dakota	Williams_ND	Williston_ND		M	Bourgikos						Aedes_trivittatus	Multi_Aedes	Multivoltine	A	A.2	A.2.1
ND|Yale-JC0203|2005	JCV		2005-07-19	North-Dakota	Williams_ND	Williston_ND		M	Bourgikos						Aedes_trivittatus	Multi_Aedes	Multivoltine	A	A.2	A.2.0
ND|Yale-JC0205|2005	JCV		2005-07-19	North-Dakota	Williams_ND	Williston_ND		M	Bourgikos						Aedes_vexans	Multi_Aedes	Multivoltine	none	none	none
ND|Yale-JC0206|2005	JCV		2005-07-19	North-Dakota	Williams_ND	Williston_ND		M	Bourgikos						Culiseta_inornata	Multi_Culiseta	Multivoltine	A	A.2	A.2.1
ND|Yale-JC0207|2005	JCV		2005-07-19	North-Dakota	Williams_ND	Williston_ND		M	Bourgikos						Aedes_vexans	Multi_Aedes	Multivoltine	A	A.2	A.2.1
ND|Yale-JC0208|2005	JCV		2005-07-19	North-Dakota	Williams_ND	Williston_ND		M	Bourgikos						Aedes_vexans	Multi_Aedes	Multivoltine	A	A.2	A.2.1
ND|Yale-JC0209|2005	JCV		2005-07-26	North-Dakota	Williams_ND	Williston_ND		M	Bourgikos						Aedes_vexans	Multi_Aedes	Multivoltine	A	A.2	A.2.0
ND|Yale-JC0211|2005	JCV		2005-07-26	North-Dakota	Williams_ND	Williston_ND		M	Bourgikos						Aedes_vexans	Multi_Aedes	Multivoltine	A	A.2	A.2.0
ND|Yale-JC0212|2005	JCV		2005-07-26	North-Dakota	Williams_ND	Williston_ND		M	Bourgikos						Aedes_vexans	Multi_Aedes	Multivoltine	A	A.2	A.2.0
ND|Yale-JC0213|2005	JCV		2005-07-26	North-Dakota	Williams_ND	Williston_ND		M	Bourgikos						Aedes_vexans	Multi_Aedes	Multivoltine	A	A.2	A.2.0
ND|Yale-JC0214|2005	JCV		2005-07-26	North-Dakota	Williams_ND	Williston_ND		M	Bourgikos						Aedes_vexans	Multi_Aedes	Multivoltine	A	A.2	A.2.0
ND|Yale-JC0215|2005	JCV		2005-07-26	North-Dakota	Williams_ND	Williston_ND		M	Bourgikos						Aedes_vexans	Multi_Aedes	Multivoltine	A	A.2	A.2.0
ND|Yale-JC0217|2005	JCV		2005-08-02	North-Dakota	Williams_ND	Williston_ND		M	Bourgikos						Aedes_vexans	Multi_Aedes	Multivoltine	A	A.2	A.2.1
ND|Yale-JC0218|2005	JCV		2005-08-02	North-Dakota	Williams_ND	Williston_ND		M	Bourgikos						Aedes_dorsalis	Multi_Aedes	Multivoltine	A	A.2	A.2.1
ND|Yale-JC0219|2005	JCV		2005-08-02	North-Dakota	Williams_ND	Williston_ND		M	Bourgikos						Aedes_vexans	Multi_Aedes	Multivoltine	A	A.2	A.2.1
ND|Yale-JC0220|2005	JCV		2005-08-02	North-Dakota	Williams_ND	Williston_ND		M	Bourgikos						Aedes_vexans	Multi_Aedes	Multivoltine	A	A.2	A.2.1
ND|Yale-JC0221|2005	JCV		2005-08-08	North-Dakota	Cass_ND	Fargo_ND		M	Bourgikos						Aedes_dorsalis	Multi_Aedes	Multivoltine	A	A.2	A.2.1
ND|Yale-JC0222|2005	JCV		2005-08-09	North-Dakota	Williams_ND	Williston_ND		M	Bourgikos						Aedes_vexans	Multi_Aedes	Multivoltine	A	A.2	A.2.0
ND|Yale-JC0223|2005	JCV		2005-08-09	North-Dakota	Williams_ND	Williston_ND		M	Bourgikos						Aedes_vexans	Multi_Aedes	Multivoltine	A	A.2	A.2.0
ND|Yale-JC0224|2005	JCV		2005-08-09	North-Dakota	Williams_ND	Williston_ND		M	Bourgikos						Aedes_vexans	Multi_Aedes	Multivoltine	A	A.2	A.2.1
ND|Yale-JC0225|2005	JCV		2005-08-09	North-Dakota	Williams_ND	Williston_ND		M	Bourgikos						Aedes_vexans	Multi_Aedes	Multivoltine	none	none	none
ND|Yale-JC0226|2005	JCV		2005-08-09	North-Dakota	Williams_ND	Williston_ND		M	Bourgikos						Aedes_melanimon	Uni_Aedes	Univoltine	A	A.1	A.1
ND|Yale-JC0227|2005	JCV		2005-08-26	North-Dakota	Cass_ND	Fargo_ND		M	Bourgikos						Culex_tarsalis	Multi_Culex	Multivoltine	A	A.2	A.2.1
ND|Yale-JC0228|2005	JCV		2005-08-26	North-Dakota	Cass_ND	Fargo_ND		M	Bourgikos						Culiseta_inornata	Multi_Culiseta	Multivoltine	A	A.2	A.2.1
ND|Yale-JC0229|2005	JCV		2005-09-12	North-Dakota	Cass_ND	Fargo_ND		M	Bourgikos						Aedes_vexans	Multi_Aedes	Multivoltine	A	A.2	A.2.1
ND|Yale-JC0230|2005	JCV		2005-09-12	North-Dakota	Cass_ND	Fargo_ND		M	Bourgikos						Aedes_dorsalis	Multi_Aedes	Multivoltine	A	A.2	A.2.1
CT|Yale-JC0231|2006	JCV		2006-06-07	Connecticut	Fairfield_CT	Darien_CT		M	Bourgikos						Aedes_sollicitans	Multi_Aedes	Multivoltine	A	A.1	A.1.0
CT|Yale-JC0232|2006	JCV		2006-06-14	Connecticut	Fairfield_CT	Stratford_CT		M	Bourgikos						Aedes_cantator	Multi_Aedes	Multivoltine	A	A.1	A.1.0
CT|Yale-JC0233|2006	JCV		2006-06-15	Connecticut	New-Haven_CT	East-Haven_CT		M	Bourgikos						Aedes_cantator	Multi_Aedes	Multivoltine	B	B	B.0
CT|Yale-JC0234|2006	JCV		2006-06-19	Connecticut	Fairfield_CT	Darien_CT		M	Bourgikos						Aedes_cantator	Multi_Aedes	Multivoltine	A	A.1	A.1.0
CT|Yale-JC0236|2006	JCV		2006-06-19	Connecticut	Fairfield_CT	Darien_CT		M	Bourgikos						Aedes_sollicitans	Multi_Aedes	Multivoltine	A	A.1	A.1.0
CT|Yale-JC0237|2006	JCV		2006-06-19	Connecticut	Fairfield_CT	Darien_CT		M	Bourgikos						Aedes_taeniorhynchus	Multi_Aedes	Multivoltine	A	A.1	A.1.0
CT|Yale-JC0238|2006	JCV		2006-06-19	Connecticut	New-Haven_CT	North-Haven_CT		M	Bourgikos						Aedes_cantator	Multi_Aedes	Multivoltine	A	A.1	A.1.0
CT|Yale-JC0239|2006	JCV		2006-06-20	Connecticut	New-Haven_CT	West-Haven_CT		M	Bourgikos						Aedes_sticticus	Uni_Aedes	Univoltine	A	A.1	A.1.0
CT|Yale-JC0240|2006	JCV		2006-06-28	Connecticut	Fairfield_CT	Darien_CT		M	Bourgikos						Aedes_taeniorhynchus	Multi_Aedes	Multivoltine	A	A.1	A.1.0
CT|Yale-JC0241|2006	JCV		2006-06-28	Connecticut	Fairfield_CT	Fairfield_CT		M	Bourgikos						Aedes_canadensis	Uni_Aedes	Univoltine	A	A.1	A.1.0
CT|Yale-JC0242|2006	JCV		2006-06-28	Connecticut	New-Haven_CT	North-Haven_CT		M	Bourgikos						Aedes_sticticus	Uni_Aedes	Univoltine	A	A.1	A.1.0
CT|Yale-JC0243|2006	JCV		2006-06-29	Connecticut	New-Haven_CT	New-Haven_CT		M	Bourgikos						Coquillettidia_perturbans	Uni_Coquillettidia	Univoltine	A	A.1	A.1.0
CT|Yale-JC0244|2006	JCV		2006-07-06	Connecticut	New-Haven_CT	Cheshire_CT		M	Bourgikos						Aedes_canadensis	Uni_Aedes	Univoltine	A	A.1	A.1.0
CT|Yale-JC0245|2006	JCV		2006-07-06	Connecticut	New-Haven_CT	Cheshire_CT		M	Bourgikos						Aedes_canadensis	Uni_Aedes	Univoltine	A	A.1	A.1.0
CT|Yale-JC0246|2006	JCV		2006-07-06	Connecticut	Middlesex_CT	Killingworth_CT		M	Bourgikos						Aedes_canadensis	Uni_Aedes	Univoltine	A	A.1	A.1.0
CT|Yale-JC0247|2006	JCV		2006-07-06	Connecticut	Middlesex_CT	Killingworth_CT		M	Bourgikos						Aedes_canadensis	Uni_Aedes	Univoltine	A	A.1	A.1.0
CT|Yale-JC0248|2006	JCV		2006-07-06	Connecticut	Middlesex_CT	Killingworth_CT		M	Bourgikos						Aedes_canadensis	Uni_Aedes	Univoltine	A	A.1	A.1.0
CT|Yale-JC0249|2006	JCV		2006-07-06	Connecticut	Fairfield_CT	Westport_CT		M	Bourgikos						Aedes_cantator	Multi_Aedes	Multivoltine	A	A.1	A.1.0
CT|Yale-JC0250|2006	JCV		2006-07-11	Connecticut	New-Haven_CT	West-Haven_CT		M	Bourgikos						Culex_pipiens	Multi_Culex	Multivoltine	A	A.1	A.1.0
CT|Yale-JC0251|2006	JCV		2006-07-11	Connecticut	New-Haven_CT	West-Haven_CT		M	Bourgikos						Aedes_vexans	Multi_Aedes	Multivoltine	A	A.1	A.1.0
ND|Yale-JC0253|2006	JCV		2006-07-12	North-Dakota	Williams_ND	Williston_ND		M	Bourgikos						Aedes_vexans	Multi_Aedes	Multivoltine	A	A.2	A.2.0
CT|Yale-JC0254|2006	JCV		2006-07-21	Connecticut	New-Haven_CT	West-Haven_CT		M	Bourgikos						Aedes_cantator	Multi_Aedes	Multivoltine	A	A.1	A.1.0
ND|Yale-JC0255|2006	JCV		2006-07-26	North-Dakota	Williams_ND	Williston_ND		M	Bourgikos						Aedes_dorsalis	Multi_Aedes	Multivoltine	A	A.2	A.2.1
ND|Yale-JC0256|2006	JCV		2006-07-26	North-Dakota	Williams_ND	Williston_ND		M	Bourgikos						Aedes_flavescens	Uni_Aedes	Univoltine	A	A.2	A.2.1
ND|Yale-JC0257|2006	JCV		2006-08-08	North-Dakota	Williams_ND	Williston_ND		M	Bourgikos						Aedes_dorsalis	Multi_Aedes	Multivoltine	A	A.2	A.2.1
CT|Yale-JC0258|2006	JCV		2006-10-03	Connecticut	Fairfield_CT	Darien_CT		M	Bourgikos						Aedes_cantator	Multi_Aedes	Multivoltine	A	A.1	A.1.0
CT|Yale-JC0259|2007	JCV		2007-06-06	Connecticut	Hartford_CT	Farmington_CT		M	Bourgikos						Aedes_abserratus	Uni_Aedes	Univoltine	A	A.1	A.1.0
CT|Yale-JC0261|2007	JCV		2007-06-07	Connecticut	Tolland_CT	Willlington_CT		M	Bourgikos						Aedes_sticticus	Uni_Aedes	Univoltine	B	B	B.0
CT|Yale-JC0262|2007	JCV		2007-06-11	Connecticut	Windham_CT	Hampton_CT		M	Bourgikos						Aedes_abserratus	Uni_Aedes	Univoltine	B	B	B.0
CT|Yale-JC0263|2007	JCV		2007-06-12	Connecticut	New-Haven_CT	Milford_CT		M	Bourgikos						Aedes_canadensis	Uni_Aedes	Univoltine	A	A.1	A.1.0
CT|Yale-JC0264|2007	JCV		2007-06-12	Connecticut	New-Haven_CT	Milford_CT		M	Bourgikos						Aedes_canadensis	Uni_Aedes	Univoltine	A	A.1	A.1.0
CT|Yale-JC0265|2007	JCV		2007-06-12	Connecticut	New-Haven_CT	Milford_CT		M	Bourgikos						Aedes_canadensis	Uni_Aedes	Univoltine	A	A.1	A.1.0
CT|Yale-JC0266|2007	JCV		2007-06-12	Connecticut	New-Haven_CT	Milford_CT		M	Bourgikos						Aedes_canadensis	Uni_Aedes	Univoltine	A	A.1	A.1.0
CT|Yale-JC0267|2007	JCV		2007-06-14	Connecticut	New-Haven_CT	East-Haven_CT		M	Bourgikos						Aedes_aurifer	Uni_Aedes	Univoltine	B	B	B.0
CT|Yale-JC0268|2007	JCV		2007-06-14	Connecticut	New-Haven_CT	East-Haven_CT		M	Bourgikos						Aedes_aurifer	Uni_Aedes	Univoltine	B	B	B.0
CT|Yale-JC0270|2007	JCV		2007-06-19	Connecticut	Fairfield_CT	New-Canaan_CT		M	Bourgikos						Aedes_canadensis	Uni_Aedes	Univoltine	A	A.1	A.1.0
CT|Yale-JC0271|2007	JCV		2007-06-19	Connecticut	Tolland_CT	Stafford_CT		M	Bourgikos						Aedes_abserratus	Uni_Aedes	Univoltine	B	B	B.0
CT|Yale-JC0272|2007	JCV		2007-06-19	Connecticut	Tolland_CT	Stafford_CT		M	Bourgikos						Aedes_abserratus	Uni_Aedes	Univoltine	B	B	B.0
CT|Yale-JC0274|2007	JCV		2007-06-21	Connecticut	New-Haven_CT	Milford_CT		M	Bourgikos						Aedes_canadensis	Uni_Aedes	Univoltine	A	A.1	A.1.0
CT|Yale-JC0275|2007	JCV		2007-06-21	Connecticut	New-Haven_CT	Milford_CT		M	Bourgikos						Aedes_canadensis	Uni_Aedes	Univoltine	A	A.1	A.1.0
CT|Yale-JC0276|2007	JCV		2007-06-21	Connecticut	New-Haven_CT	Milford_CT		M	Bourgikos						Aedes_sticticus	Uni_Aedes	Univoltine	A	A.1	A.1.0
CT|Yale-JC0277|2007	JCV		2007-06-21	Connecticut	New-Haven_CT	Milford_CT		M	Bourgikos						Aedes_canadensis	Uni_Aedes	Univoltine	A	A.1	A.1.0
CT|Yale-JC0278|2007	JCV		2007-06-21	Connecticut	New-Haven_CT	Milford_CT		M	Bourgikos						Aedes_canadensis	Uni_Aedes	Univoltine	A	A.1	A.1.0
CT|Yale-JC0279|2007	JCV		2007-06-25	Connecticut	Middlesex_CT	Cromwell_CT		M	Bourgikos						Aedes_aurifer	Uni_Aedes	Univoltine	A	A.1	A.1.0
CT|Yale-JC0283|2007	JCV		2007-06-28	Connecticut	Fairfield_CT	New-Canaan_CT		M	Bourgikos						Aedes_canadensis	Uni_Aedes	Univoltine	B	B	B.0
CT|Yale-JC0284|2007	JCV		2007-06-28	Connecticut	New-Haven_CT	West-Haven_CT		M	Bourgikos						Aedes_cantator	Multi_Aedes	Multivoltine	A	A.1	A.1.0
CT|Yale-JC0285|2007	JCV		2007-06-28	Connecticut	Fairfield_CT	Wilton_CT		M	Bourgikos						Aedes_aurifer	Uni_Aedes	Univoltine	A	A.1	A.1.0
CT|Yale-JC0286|2007	JCV		2007-06-28	Connecticut	Fairfield_CT	Wilton_CT		M	Bourgikos						Coquillettidia_perturbans	Uni_Coquillettidia	Univoltine	B	B	B.0
CT|Yale-JC0287|2007	JCV		2007-06-28	Connecticut	Fairfield_CT	Wilton_CT		M	Bourgikos						Coquillettidia_perturbans	Uni_Coquillettidia	Univoltine	B	B	B.0
CT|Yale-JC0288|2007	JCV		2007-06-28	Connecticut	Fairfield_CT	Wilton_CT		M	Bourgikos						Coquillettidia_perturbans	Uni_Coquillettidia	Univoltine	A	A.1	A.1.0
CT|Yale-JC0289|2007	JCV		2007-06-28	Connecticut	Fairfield_CT	Wilton_CT		M	Bourgikos						Coquillettidia_perturbans	Uni_Coquillettidia	Univoltine	A	A.1	A.1.0
CT|Yale-JC0290|2007	JCV		2007-06-28	Connecticut	Fairfield_CT	Wilton_CT		M	Bourgikos						Coquillettidia_perturbans	Uni_Coquillettidia	Univoltine	A	A.1	A.1.0
CT|Yale-JC0291|2007	JCV		2007-07-05	Connecticut	New-Haven_CT	Milford_CT		M	Bourgikos						Aedes_canadensis	Uni_Aedes	Univoltine	B	B	B.0
CT|Yale-JC0292|2007	JCV		2007-07-05	Connecticut	New-Haven_CT	Orange_CT		M	Bourgikos						Aedes_canadensis	Uni_Aedes	Univoltine	B	B	B.0
CT|Yale-JC0294|2007	JCV		2007-07-09	Connecticut	New-London_CT	Stonington_CT		M	Bourgikos						Aedes_taeniorhynchus	Multi_Aedes	Multivoltine	A	A.1	A.1.0
CT|Yale-JC0295|2007	JCV		2007-07-12	Connecticut	New-Haven_CT	New-Haven_CT		M	Bourgikos						Culex_salinarius	Multi_Culex	Multivoltine	B	B	B.0
CT|Yale-JC0296|2007	JCV		2007-07-16	Connecticut	Fairfield_CT	Trumbull_CT		M	Bourgikos						Aedes_canadensis	Uni_Aedes	Univoltine	A	A.1	A.1.0
CT|Yale-JC0297|2007	JCV		2007-07-17	Connecticut	New-Haven_CT	Waterbury_CT		M	Bourgikos						Aedes_canadensis	Uni_Aedes	Univoltine	none	none	none
CT|Yale-JC0298|2007	JCV		2007-07-17	Connecticut	New-Haven_CT	Waterbury_CT		M	Bourgikos						Aedes_excrucians	Uni_Aedes	Univoltine	A	A.1	A.1.0
CT|Yale-JC0299|2008	JCV		2008-06-02	Connecticut	Middlesex_CT	Cromwell_CT		M	Bourgikos						Aedes_aurifer	Uni_Aedes	Univoltine	A	A.1	A.1.0
CT|Yale-JC0300|2008	JCV		2008-06-03	Connecticut	New-Haven_CT	Branford_CT		M	Bourgikos						Aedes_cantator	Multi_Aedes	Multivoltine	A	A.1	A.1.0
CT|Yale-JC0301|2008	JCV		2008-06-10	Connecticut	Fairfield_CT	Monroe_CT		M	Bourgikos						Aedes_abserratus	Uni_Aedes	Univoltine	A	A.1	A.1.0
CT|Yale-JC0302|2008	JCV		2008-06-12	Connecticut	New-London_CT	North-Stonington_CT		M	Bourgikos						Aedes_abserratus	Uni_Aedes	Univoltine	A	A.1	A.1.0
CT|Yale-JC0303|2008	JCV		2008-06-17	Connecticut	New-London_CT	Stonington_CT		M	Bourgikos						Aedes_aurifer	Uni_Aedes	Univoltine	A	A.1	A.1.0
CT|Yale-JC0304|2008	JCV		2008-06-23	Connecticut	Fairfield_CT	Stratford_CT		M	Bourgikos						Aedes_cantator	Multi_Aedes	Multivoltine	A	A.1	A.1.0
CT|Yale-JC0305|2008	JCV		2008-06-24	Connecticut	Litchfield_CT	Canaan_CT		M	Bourgikos						Anopheles_punctipennis	Multi_Anopheles	Multivoltine	B	B	B.0
CT|Yale-JC0306|2008	JCV		2008-06-25	Connecticut	New-Haven_CT	North-Haven_CT		M	Bourgikos						Aedes_sticticus	Uni_Aedes	Univoltine	A	A.1	A.1.0
CT|Yale-JC0307|2008	JCV		2008-06-26	Connecticut	New-London_CT	Stonington_CT		M	Bourgikos						Aedes_aurifer	Uni_Aedes	Univoltine	A	A.1	A.1.0
CT|Yale-JC0308|2008	JCV		2008-07-07	Connecticut	New-Haven_CT	Branford_CT		M	Bourgikos						Aedes_cantator	Multi_Aedes	Multivoltine	A	A.1	A.1.0
CT|Yale-JC0309|2008	JCV		2008-07-07	Connecticut	Hartford_CT	Wethersfield_CT		M	Bourgikos						Coquillettidia_perturbans	Uni_Coquillettidia	Univoltine	A	A.1	A.1.0
CT|Yale-JC0310|2008	JCV		2008-07-07	Connecticut	Hartford_CT	Wethersfield_CT		M	Bourgikos						Aedes_canadensis	Uni_Aedes	Univoltine	A	A.1	A.1.0
CT|Yale-JC0311|2008	JCV		2008-07-07	Connecticut	Hartford_CT	Wethersfield_CT		M	Bourgikos						Aedes_excrucians	Uni_Aedes	Univoltine	B	B	B.0
CT|Yale-JC0313|2008	JCV		2008-07-09	Connecticut	Hartford_CT	Hartford_CT		M	Bourgikos						Aedes_vexans	Multi_Aedes	Multivoltine	A	A.1	A.1.0
CT|Yale-JC0314|2008	JCV		2008-07-10	Connecticut	Fairfield_CT	Danbury_CT		M	Bourgikos						Anopheles_punctipennis	Multi_Anopheles	Multivoltine	A	A.1	A.1.0
CT|Yale-JC0315|2008	JCV		2008-07-14	Connecticut	Fairfield_CT	Newtown_CT		M	Bourgikos						Aedes_canadensis	Uni_Aedes	Univoltine	A	A.1	A.1.0
CT|Yale-JC0316|2008	JCV		2008-07-16	Connecticut	New-London_CT	North-Stonington_CT		M	Bourgikos						Aedes_stimulans	Uni_Aedes	Univoltine	A	A.1	A.1.0
CT|Yale-JC0317|2008	JCV		2008-07-17	Connecticut	New-London_CT	Ledyard_CT		M	Bourgikos						Aedes_thibaulti	Uni_Aedes	Univoltine	B	B	B.0
CT|Yale-JC0318|2008	JCV		2008-07-23	Connecticut	Tolland_CT	Hebron_CT		M	Bourgikos						Anopheles_quadrimaculatus	Multi_Anopheles	Multivoltine	A	A.1	A.1.0
CT|Yale-JC0319|2009	JCV		2009-06-01	Connecticut	Fairfield_CT	Greenwich_CT		M	Bourgikos						Aedes_aurifer	Uni_Aedes	Univoltine	A	A.1	A.1.0
CT|Yale-JC0320|2009	JCV		2009-06-01	Connecticut	Middlesex_CT	Haddam_CT		M	Bourgikos						Anopheles_punctipennis	Multi_Anopheles	Multivoltine	A	A.1	A.1.0
CT|Yale-JC0321|2009	JCV		2009-06-02	Connecticut	Litchfield_CT	Canaan_CT		M	Bourgikos						Aedes_provocans	Uni_Aedes	Univoltine	B	B	B.0
CT|Yale-JC0322|2009	JCV		2009-06-02	Connecticut	Litchfield_CT	Canaan_CT		M	Bourgikos						Aedes_provocans	Uni_Aedes	Univoltine	A	A.1	A.1.0
CT|Yale-JC0323|2009	JCV		2009-06-02	Connecticut	Litchfield_CT	Canaan_CT		M	Bourgikos						Aedes_provocans	Uni_Aedes	Univoltine	A	A.1	A.1.0
CT|Yale-JC0324|2009	JCV		2009-06-03	Connecticut	Litchfield_CT	Barkhamsted_CT		M	Bourgikos						Aedes_communis	Uni_Aedes	Univoltine	B	B	B.0
CT|Yale-JC0325|2009	JCV		2009-06-08	Connecticut	Hartford_CT	New-Britain_CT		M	Bourgikos						Aedes_canadensis	Uni_Aedes	Univoltine	B	B	B
CT|Yale-JC0326|2009	JCV		2009-06-08	Connecticut	Windham_CT	Plainfield_CT		M	Bourgikos						Aedes_abserratus	Uni_Aedes	Univoltine	A	A.1	A.1.0
CT|Yale-JC0327|2009	JCV		2009-06-16	Connecticut	New-London_CT	Waterford_CT		M	Bourgikos						Aedes_aurifer	Uni_Aedes	Univoltine	A	A.1	A.1.0
CT|Yale-JC0328|2009	JCV		2009-06-17	Connecticut	Hartford_CT	New-Britain_CT		M	Bourgikos						Aedes_canadensis	Uni_Aedes	Univoltine	B	B	B.0
CT|Yale-JC0329|2009	JCV		2009-06-17	Connecticut	Hartford_CT	New-Britain_CT		M	Bourgikos						Aedes_canadensis	Uni_Aedes	Univoltine	B	B	B.0
CT|Yale-JC0331|2009	JCV		2009-06-18	Connecticut	Fairfield_CT	Monroe_CT		M	Bourgikos						Aedes_abserratus	Uni_Aedes	Univoltine	A	A.1	A.1.0
CT|Yale-JC0332|2009	JCV		2009-06-24	Connecticut	Litchfield_CT	Barkhamsted_CT		M	Bourgikos						Aedes_communis	Uni_Aedes	Univoltine	A	A.1	A.1.0
CT|Yale-JC0333|2009	JCV		2009-06-24	Connecticut	New-Haven_CT	North-Haven_CT		M	Bourgikos						Aedes_sticticus	Uni_Aedes	Univoltine	A	A.1	A.1.0
CT|Yale-JC0334|2009	JCV		2009-06-24	Connecticut	New-London_CT	Voluntown_CT		M	Bourgikos						Aedes_stimulans	Uni_Aedes	Univoltine	A	A.1	A.1.0
CT|Yale-JC0335|2009	JCV		2009-06-25	Connecticut	Fairfield_CT	New-Canaan_CT		M	Bourgikos						Aedes_canadensis	Uni_Aedes	Univoltine	A	A.1	A.1.0
CT|Yale-JC0337.1|2009	JCV		2009-06-25	Connecticut	Fairfield_CT	New-Canaan_CT		M	Bourgikos						Aedes_canadensis	Uni_Aedes	Univoltine	A	A.1	A.1.0
CT|Yale-JC0338|2009	JCV		2009-06-25	Connecticut	New-London_CT	Waterford_CT		M	Bourgikos						Aedes_aurifer	Multi_Aedes	Multivoltine	B	B	B.0
CT|Yale-JC0339|2009	JCV		2009-06-25	Connecticut	New-Haven_CT	West-Haven_CT		M	Bourgikos						Aedes_cantator	Multi_Aedes	Multivoltine	B	B	B.0
CT|Yale-JC0340|2009	JCV		2009-06-29	Connecticut	Fairfield_CT	Danbury_CT		M	Bourgikos						Aedes_canadensis	Multi_Aedes	Multivoltine	A	A.1	A.1.0
CT|Yale-JC0341|2009	JCV		2009-07-01	Connecticut	Middlesex_CT	Cromwell_CT		M	Bourgikos						Aedes_sticticus	Multi_Aedes	Multivoltine	A	A.1	A.1.0
CT|Yale-JC0342|2009	JCV		2009-07-01	Connecticut	Middlesex_CT	Cromwell_CT		M	Bourgikos						Coquillettidia_perturbans	Uni_Coquillettidia	Univoltine	A	A.1	A.1.0
CT|Yale-JC0343|2009	JCV		2009-07-01	Connecticut	New-London_CT	Stonington_CT		M	Bourgikos						Aedes_aurifer	Uni_Aedes	Univoltine	A	A.1	A.1.0
CT|Yale-JC0344|2009	JCV		2009-07-01	Connecticut	New-London_CT	Stonington_CT		M	Bourgikos						Aedes_cantator	Multi_Aedes	Multivoltine	B	B	B.0
CT|Yale-JC0345|2009	JCV		2009-07-01	Connecticut	Fairfield_CT	Stratford_CT		M	Bourgikos						Aedes_vexans	Multi_Aedes	Multivoltine	B	B	B.0
CT|Yale-JC0346|2009	JCV		2009-07-08	Connecticut	Hartford_CT	South-Windsor_CT		M	Bourgikos						Aedes_stimulans	Uni_Aedes	Univoltine	B	B	B.0
CT|Yale-JC0347|2009	JCV		2009-07-13	Connecticut	Fairfield_CT	Danbury_CT		M	Bourgikos						Aedes_canadensis	Uni_Aedes	Univoltine	A	A.1	A.1.0
CT|Yale-JC0348|2009	JCV		2009-07-14	Connecticut	New-Haven_CT	Milford_CT		M	Bourgikos						Aedes_canadensis	Uni_Aedes	Univoltine	B	B	B
CT|Yale-JC0349|2009	JCV		2009-07-16	Connecticut	Fairfield_CT	Bridgeport_CT		M	Bourgikos						Aedes_vexans	Multi_Aedes	Multivoltine	A	A.1	A.1.0
CT|Yale-JC0350|2009	JCV		2009-07-16	Connecticut	New-London_CT	North-Stonington_CT		M	Bourgikos						Aedes_stimulans	Uni_Aedes	Univoltine	A	A.1	A.1.0
CT|Yale-JC0351|2009	JCV		2009-07-16	Connecticut	Fairfield_CT	Stamford_CT		M	Bourgikos						Aedes_canadensis	Uni_Aedes	Univoltine	A	A.1	A.1.0
CT|Yale-JC0352|2009	JCV		2009-07-16	Connecticut	Fairfield_CT	Stamford_CT		M	Bourgikos						Aedes_canadensis	Uni_Aedes	Univoltine	B	B	B
CT|Yale-JC0353|2009	JCV		2009-07-21	Connecticut	Fairfield_CT	New-Canaan_CT		M	Bourgikos						Aedes_canadensis	Uni_Aedes	Univoltine	B	B	B.0
CT|Yale-JC0354|2009	JCV		2009-07-22	Connecticut	Fairfield_CT	Danbury_CT		M	Bourgikos						Aedes_stimulans	Uni_Aedes	Univoltine	A	A.1	A.1.0
CT|Yale-JC0355|2009	JCV		2008-07-28	Connecticut	Fairfield_CT	Stamford_CT		M	Bourgikos						Aedes_canadensis	Uni_Aedes	Univoltine	A	A.1	A.1.0
CT|Yale-JC0356|2009	JCV		2009-07-30	Connecticut	Fairfield_CT	New-Canaan_CT		M	Bourgikos						Aedes_canadensis	Uni_Aedes	Univoltine	A	A.1	A.1.0
CT|Yale-JC0357|2009	JCV		2009-07-30	Connecticut	Fairfield_CT	New-Canaan_CT		M	Bourgikos						Aedes_canadensis	Uni_Aedes	Univoltine	A	A.1	A.1.0
CT|Yale-JC0358|2009	JCV		2009-07-30	Connecticut	Fairfield_CT	New-Canaan_CT		M	Bourgikos						Aedes_canadensis	Uni_Aedes	Univoltine	A	A.1	A.1.0
CT|Yale-JC0359|2010	JCV		2010-06-03	Connecticut	New-Haven_CT	North-Haven_CT		M	Bourgikos						Aedes_sticticus	Uni_Aedes	Univoltine	A	A.1	A.1.0
CT|Yale-JC0360|2010	JCV		2010-06-03	Connecticut	New-London_CT	Voluntown_CT		M	Bourgikos						Aedes_abserratus	Uni_Aedes	Univoltine	A	A.1	A.1.0
CT|Yale-JC0361|2010	JCV		2010-06-09	Connecticut	New-Haven_CT	Milford_CT		M	Bourgikos						Aedes_canadensis	Uni_Aedes	Univoltine	A	A.1	A.1.0
CT|Yale-JC0362|2010	JCV		2010-06-10	Connecticut	New-Haven_CT	Madison_CT		M	Bourgikos						Culiseta_melanura	Multi_Culiseta	Multivoltine	A	A.1	A.1.0
CT|Yale-JC0363|2010	JCV		2010-06-10	Connecticut	New-Haven_CT	Madison_CT		M	Bourgikos						Aedes_abserratus	Uni_Aedes	Univoltine	A	A.1	A.1.0
CT|Yale-JC0364|2010	JCV		2010-06-10	Connecticut	New-Haven_CT	Madison_CT		M	Bourgikos						Aedes_canadensis	Uni_Aedes	Univoltine	A	A.1	A.1.0
CT|Yale-JC0365|2010	JCV		2010-06-14	Connecticut	Fairfield_CT	Stamford_CT		M	Bourgikos						Aedes_canadensis	Uni_Aedes	Univoltine	A	A.1	A.1.0
CT|Yale-JC0366|2010	JCV		2010-06-15	Connecticut	Fairfield_CT	Darien_CT		M	Bourgikos						Aedes_cantator	Multi_Aedes	Multivoltine	A	A.1	A.1.0
CT|Yale-JC0367|2010	JCV		2010-06-15	Connecticut	Fairfield_CT	Darien_CT		M	Bourgikos						Aedes_taeniorhynchus	Multi_Aedes	Multivoltine	A	A.1	A.1.0
CT|Yale-JC0368.1|2010	JCV		2010-06-17	Connecticut	New-London_CT	Old-Lyme_CT		M	Bourgikos						Aedes_cantator	Multi_Aedes	Multivoltine	A	A.1	A.1.0
CT|Yale-JC0369.1|2010	JCV		2010-06-17	Connecticut	Middlesex_CT	Westbrook_CT		M	Bourgikos						Aedes_stimulans	Uni_Aedes	Univoltine	A	A.1	A.1.0
CT|Yale-JC0370.1|2010	JCV		2010-06-21	Connecticut	New-Haven_CT	Milford_CT		M	Bourgikos						Aedes_canadensis	Uni_Aedes	Univoltine	A	A.1	A.1.0
CT|Yale-JC0371|2010	JCV		2010-06-21	Connecticut	New-Haven_CT	Orange_CT		M	Bourgikos						Aedes_abserratus	Uni_Aedes	Univoltine	A	A.1	A.1.0
CT|Yale-JC0372.1|2010	JCV		2010-06-22	Connecticut	New-London_CT	Stonington_CT		M	Bourgikos						Aedes_cantator	Multi_Aedes	Multivoltine	A	A.1	A.1.0
CT|Yale-JC0373|2010	JCV		2010-06-23	Connecticut	New-Haven_CT	Branford_CT		M	Bourgikos						Aedes_cantator	Multi_Aedes	Multivoltine	B	B	B.0
CT|Yale-JC0374|2010	JCV		2010-06-23	Connecticut	Fairfield_CT	Bridgeport_CT		M	Bourgikos						Aedes_taeniorhynchus	Multi_Aedes	Multivoltine	A	A.1	A.1.0
CT|Yale-JC0375|2010	JCV		2010-06-24	Connecticut	Fairfield_CT	Darien_CT		M	Bourgikos						Aedes_cantator	Multi_Aedes	Multivoltine	A	A.1	A.1.0
CT|Yale-JC0376|2010	JCV		2010-06-24	Connecticut	Fairfield_CT	Darien_CT		M	Bourgikos						Aedes_sollicitans	Multi_Aedes	Multivoltine	A	A.1	A.1.0
CT|Yale-JC0377|2010	JCV		2010-06-24	Connecticut	Fairfield_CT	Darien_CT		M	Bourgikos						Aedes_taeniorhynchus	Multi_Aedes	Multivoltine	A	A.1	A.1.0
CT|Yale-JC0378|2010	JCV		2010-06-29	Connecticut	New-London_CT	Franklin_CT		M	Bourgikos						Aedes_excrucians	Uni_Aedes	Univoltine	B	B	B.0
CT|Yale-JC0379|2010	JCV		2010-07-22	Connecticut	Hartford_CT	New-Britain_CT		M	Bourgikos						Coquillettidia_perturbans	Uni_Coquillettidia	Univoltine	A	A.1	A.1.0
CT|Yale-JC0381|2011	JCV		2011-06-01	Connecticut	New-Haven_CT	North-Branford_CT		M	Bourgikos						Aedes_cantator	Multi_Aedes	Multivoltine	B	B	B.0
CT|Yale-JC0382|2011	JCV		2011-06-01	Connecticut	Litchfield_CT	Canaan_CT		M	Bourgikos						Aedes_provocans	Uni_Aedes	Univoltine	A	A.1	A.1.0
CT|Yale-JC0383|2011	JCV		2011-06-01	Connecticut	Litchfield_CT	Canaan_CT		M	Bourgikos						Aedes_provocans	Uni_Aedes	Univoltine	A	A.1	A.1.0
CT|Yale-JC0384|2011	JCV		2011-06-01	Connecticut	Litchfield_CT	Canaan_CT		M	Bourgikos						Aedes_provocans	Uni_Aedes	Univoltine	A	A.1	A.1.0
CT|Yale-JC0385|2011	JCV		2011-06-01	Connecticut	Litchfield_CT	Canaan_CT		M	Bourgikos						Aedes_provocans	Uni_Aedes	Univoltine	A	A.1	A.1.0
CT|Yale-JC0387|2011	JCV		2011-06-02	Connecticut	New-London_CT	North-Stonington_CT		M	Bourgikos						Aedes_abserratus	Uni_Aedes	Univoltine	B	B	B.0
CT|Yale-JC0388|2011	JCV		2011-06-07	Connecticut	Fairfield_CT	Wilton_CT		M	Bourgikos						Aedes_canadensis	Uni_Aedes	Univoltine	A	A.1	A.1.0
CT|Yale-JC0389|2011	JCV		2011-06-08	Connecticut	New-Haven_CT	Orange_CT		M	Bourgikos						Aedes_cantator	Multi_Aedes	Multivoltine	A	A.1	A.1.0
CT|Yale-JC0390|2011	JCV		2011-06-09	Connecticut	New-Haven_CT	Cheshire_CT		M	Bourgikos						Aedes_canadensis	Uni_Aedes	Univoltine	A	A.1	A.1.0
CT|Yale-JC0391|2011	JCV		2011-06-09	Connecticut	New-London_CT	Stonington_CT		M	Bourgikos						Aedes_cantator	Multi_Aedes	Multivoltine	B	B	B
CT|Yale-JC0392|2011	JCV		2011-06-09	Connecticut	New-London_CT	Stonington_CT		M	Bourgikos						Aedes_cantator	Multi_Aedes	Multivoltine	none	none	none
CT|Yale-JC0393|2011	JCV		2011-06-14	Connecticut	Litchfield_CT	Canaan_CT		M	Bourgikos						Aedes_provocans	Uni_Aedes	Univoltine	A	A.1	A.1.0
CT|Yale-JC0394|2011	JCV		2011-06-14	Connecticut	Litchfield_CT	Canaan_CT		M	Bourgikos						Aedes_provocans	Uni_Aedes	Univoltine	A	A.1	A.1.0
CT|Yale-JC0395|2011	JCV		2011-06-14	Connecticut	Litchfield_CT	Canaan_CT		M	Bourgikos						Aedes_provocans	Uni_Aedes	Univoltine	A	A.1	A.1.0
CT|Yale-JC0396|2011	JCV		2011-06-14	Connecticut	Fairfield_CT	Darien_CT		M	Bourgikos						Aedes_cantator	Multi_Aedes	Multivoltine	A	A.1	A.1.0
CT|Yale-JC0397|2011	JCV		2011-06-14	Connecticut	Fairfield_CT	Easton_CT		M	Bourgikos						Aedes_abserratus	Uni_Aedes	Univoltine	A	A.1	A.1.0
CT|Yale-JC0399|2011	JCV		2011-06-14	Connecticut	New-Haven_CT	North-Haven_CT		M	Bourgikos						Aedes_sticticus	Uni_Aedes	Univoltine	A	A.1	A.1.0
CT|Yale-JC0400|2011	JCV		2011-06-14	Connecticut	New-Haven_CT	North-Haven_CT		M	Bourgikos						Aedes_sticticus	Uni_Aedes	Univoltine	A	A.1	A.1.0
CT|Yale-JC0401|2011	JCV		2011-06-14	Connecticut	New-Haven_CT	North-Haven_CT		M	Bourgikos						Aedes_trivittatus	Multi_Aedes	Multivoltine	A	A.1	A.1.0
CT|Yale-JC0402|2011	JCV		2011-06-14	Connecticut	New-Haven_CT	North-Haven_CT		M	Bourgikos						Aedes_trivittatus	Multi_Aedes	Multivoltine	A	A.1	A.1.0
CT|Yale-JC0403|2011	JCV		2011-06-14	Connecticut	New-Haven_CT	North-Haven_CT		M	Bourgikos						Aedes_trivittatus	Multi_Aedes	Multivoltine	A	A.1	A.1.0
CT|Yale-JC0404|2011	JCV		2011-06-14	Connecticut	New-Haven_CT	North-Haven_CT		M	Bourgikos						Aedes_trivittatus	Multi_Aedes	Multivoltine	A	A.1	A.1.0
CT|Yale-JC0405|2011	JCV		2011-06-14	Connecticut	New-Haven_CT	North-Haven_CT		M	Bourgikos						Aedes_trivittatus	Multi_Aedes	Multivoltine	A	A.1	A.1.0
CT|Yale-JC0406|2011	JCV		2011-06-14	Connecticut	New-Haven_CT	North-Haven_CT		M	Bourgikos						Aedes_trivittatus	Multi_Aedes	Multivoltine	A	A.1	A.1.0
CT|Yale-JC0407|2011	JCV		2011-06-14	Connecticut	New-Haven_CT	North-Haven_CT		M	Bourgikos						Aedes_trivittatus	Multi_Aedes	Multivoltine	A	A.1	A.1.0
CT|Yale-JC0408|2011	JCV		2011-06-14	Connecticut	New-Haven_CT	North-Haven_CT		M	Bourgikos						Aedes_trivittatus	Multi_Aedes	Multivoltine	A	A.1	A.1.0
CT|Yale-JC0409|2011	JCV		2011-06-15	Connecticut	Fairfield_CT	Wilton_CT		M	Bourgikos						Aedes_aurifer	Uni_Aedes	Univoltine	A	A.1	A.1.0
CT|Yale-JC0410|2011	JCV		2011-06-16	Connecticut	Windham_CT	Plainfield_CT		M	Bourgikos						Aedes_abserratus	Uni_Aedes	Univoltine	B	B	B.0
CT|Yale-JC0411|2011	JCV		2011-06-16	Connecticut	Fairfield_CT	Ridgefield_CT		M	Bourgikos						Anopheles_punctipennis	Multi_Anopheles	Multivoltine	A	A.1	A.1.0
CT|Yale-JC0413|2011	JCV		2011-06-20	Connecticut	New-Haven_CT	Milford_CT		M	Bourgikos						Aedes_canadensis	Uni_Aedes	Univoltine	A	A.1	A.1.0
CT|Yale-JC0414|2011	JCV		2011-06-21	Connecticut	New-London_CT	Stonington_CT		M	Bourgikos						Aedes_canadensis	Uni_Aedes	Univoltine	B	B	B
CT|Yale-JC0415|2011	JCV		2011-06-22	Connecticut	Litchfield_CT	Litchfield_CT		M	Bourgikos						Aedes_stimulans	Uni_Aedes	Univoltine	B	B	B.0
CT|Yale-JC0416|2011	JCV		2011-06-22	Connecticut	New-London_CT	Lyme_CT		M	Bourgikos						Aedes_aurifer	Uni_Aedes	Univoltine	B	B	B.0
CT|Yale-JC0417|2011	JCV		2011-06-22	Connecticut	New-London_CT	Old-Lyme_CT		M	Bourgikos						Aedes_cantator	Multi_Aedes	Multivoltine	B	B	B.0
CT|Yale-JC0418|2011	JCV		2011-06-22	Connecticut	New-London_CT	Old-Lyme_CT		M	Bourgikos						Aedes_cantator	Multi_Aedes	Multivoltine	B	B	B.0
CT|Yale-JC0419|2011	JCV		2011-06-22	Connecticut	New-London_CT	Old-Lyme_CT		M	Bourgikos						Aedes_cantator	Multi_Aedes	Multivoltine	A	A.1	A.1.0
CT|Yale-JC0420|2011	JCV		2011-06-23	Connecticut	Fairfield_CT	Fairfield_CT		M	Bourgikos						Aedes_canadensis	Uni_Aedes	Univoltine	A	A.1	A.1.0
CT|Yale-JC0421|2011	JCV		2011-06-23	Connecticut	New-Haven_CT	Hamden_CT		M	Bourgikos						Aedes_canadensis	Uni_Aedes	Univoltine	B	B	B.0
CT|Yale-JC0422|2011	JCV		2011-06-23	Connecticut	New-Haven_CT	North-Haven_CT		M	Bourgikos						Aedes_canadensis	Uni_Aedes	Univoltine	A	A.1	A.1.0
CT|Yale-JC0423|2011	JCV		2011-06-23	Connecticut	New-Haven_CT	North-Haven_CT		M	Bourgikos						Aedes_stimulans	Uni_Aedes	Univoltine	A	A.1	A.1.0
CT|Yale-JC0424|2011	JCV		2011-06-23	Connecticut	New-Haven_CT	North-Haven_CT		M	Bourgikos						Aedes_trivittatus	Multi_Aedes	Multivoltine	A	A.1	A.1.0
CT|Yale-JC0425|2011	JCV		2011-06-23	Connecticut	New-Haven_CT	North-Haven_CT		M	Bourgikos						Aedes_trivittatus	Multi_Aedes	Multivoltine	A	A.1	A.1.0
CT|Yale-JC0426|2011	JCV		2011-06-23	Connecticut	New-Haven_CT	North-Haven_CT		M	Bourgikos						Aedes_trivittatus	Multi_Aedes	Multivoltine	A	A.1	A.1.0
CT|Yale-JC0427|2011	JCV		2011-06-27	Connecticut	Fairfield_CT	New-Canaan_CT		M	Bourgikos						Aedes_canadensis	Uni_Aedes	Univoltine	A	A.1	A.1.0
CT|Yale-JC0428|2011	JCV		2011-06-27	Connecticut	New-Haven_CT	New-Haven_CT		M	Bourgikos						Anopheles_punctipennis	Multi_Anopheles	Multivoltine	A	A.1	A.1.0
CT|Yale-JC0429|2011	JCV		2011-06-27	Connecticut	New-Haven_CT	West-Haven_CT		M	Bourgikos						Aedes_cantator	Multi_Aedes	Multivoltine	A	A.1	A.1.0
CT|Yale-JC0430|2011	JCV		2011-06-28	Connecticut	Windham_CT	Hampton_CT		M	Bourgikos						Aedes_aurifer	Uni_Aedes	Univoltine	B	B	B.0
CT|Yale-JC0431|2011	JCV		2011-06-28	Connecticut	Middlesex_CT	Killingworth_CT		M	Bourgikos						Aedes_vexans	Multi_Aedes	Multivoltine	A	A.1	A.1.0
CT|Yale-JC0432|2011	JCV		2011-07-05	Connecticut	Fairfield_CT	Stamford_CT		M	Bourgikos						Aedes_canadensis	Uni_Aedes	Univoltine	A	A.1	A.1.0
CT|Yale-JC0433|2011	JCV		2011-07-05	Connecticut	Fairfield_CT	Bridgeport_CT		M	Bourgikos						Aedes_taeniorhynchus	Multi_Aedes	Multivoltine	A	A.1	A.1.0
CT|Yale-JC0434|2011	JCV		2011-07-06	Connecticut	New-London_CT	Lyme_CT		M	Bourgikos						Aedes_aurifer	Uni_Aedes	Univoltine	B	B	B.0
CT|Yale-JC0435|2011	JCV		2011-07-06	Connecticut	New-Haven_CT	North-Haven_CT		M	Bourgikos						Aedes_trivittatus	Multi_Aedes	Multivoltine	A	A.1	A.1.0
CT|Yale-JC0436|2011	JCV		2011-07-06	Connecticut	Hartford_CT	South-Windsor_CT		M	Bourgikos						Aedes_canadensis	Uni_Aedes	Univoltine	A	A.1	A.1.0
CT|Yale-JC0438|2011	JCV		2011-07-12	Connecticut	New-London_CT	Franklin_CT		M	Bourgikos						Aedes_stimulans	Uni_Aedes	Univoltine	B	B	B.0
CT|Yale-JC0439|2011	JCV		2011-07-13	Connecticut	New-Haven_CT	Bethany_CT		M	Bourgikos						Aedes_canadensis	Uni_Aedes	Univoltine	A	A.1	A.1.0
CT|Yale-JC0440|2012	JCV		2012-06-12	Connecticut	New-Haven_CT	Milford_CT		M	Bourgikos						Aedes_cantator	Multi_Aedes	Multivoltine	A	A.1	A.1.0
CT|Yale-JC0441|2012	JCV		2012-06-13	Connecticut	New-Haven_CT	Guilford_CT		M	Bourgikos						Culex_salinarius	Multi_Culex	Multivoltine	A	A.1	A.1.0
CT|Yale-JC0442|2012	JCV		2012-06-18	Connecticut	Fairfield_CT	Darien_CT		M	Bourgikos						Aedes_cantator	Multi_Aedes	Multivoltine	A	A.1	A.1.0
CT|Yale-JC0443|2012	JCV		2012-06-18	Connecticut	New-Haven_CT	North-Haven_CT		M	Bourgikos						Aedes_sticticus	Uni_Aedes	Univoltine	A	A.1	A.1.0
CT|Yale-JC0444|2012	JCV		2012-06-19	Connecticut	New-Haven_CT	West-Haven_CT		M	Bourgikos						Aedes_cantator	Multi_Aedes	Multivoltine	A	A.1	A.1.0
CT|Yale-JC0445|2012	JCV		2012-07-02	Connecticut	Windham_CT	Hampton_CT		M	Bourgikos						Aedes_aurifer	Uni_Aedes	Univoltine	B	B	B
CT|Yale-JC0446|2012	JCV		2012-07-12	Connecticut	Fairfield_CT	Weston_CT		M	Bourgikos						Aedes_canadensis	Uni_Aedes	Univoltine	A	A.1	A.1.0
CT|Yale-JC0447|2012	JCV		2012-07-18	Connecticut	New-Haven_CT	Guilford_CT		M	Bourgikos						Aedes_canadensis	Uni_Aedes	Univoltine	B	B	B.0
CT|Yale-JC0448|2012	JCV		2012-07-24	Connecticut	Fairfield_CT	Weston_CT		M	Bourgikos						Aedes_canadensis	Uni_Aedes	Univoltine	A	A.1	A.1.0
CT|Yale-JC0451|2012	JCV		2012-08-02	Connecticut	Fairfield_CT	Easton_CT		M	Bourgikos						Aedes_thibaulti	Uni_Aedes	Univoltine	A	A.1	A.1.0
CT|Yale-JC0453|2013	JCV		2013-06-04	Connecticut	Litchfield_CT	Canaan_CT		M	Bourgikos						Aedes_provocans	Uni_Aedes	Univoltine	A	A.1	A.1.0
CT|Yale-JC0454|2013	JCV		2013-06-17	Connecticut	Tolland_CT	Tolland_CT		M	Bourgikos						Aedes_abserratus	Uni_Aedes	Univoltine	B	B	B
CT|Yale-JC0455|2013	JCV		2013-06-17	Connecticut	Tolland_CT	Tolland_CT		M	Bourgikos						Aedes_abserratus	Uni_Aedes	Univoltine	B	B	B
CT|Yale-JC0456|2013	JCV		2013-06-18	Connecticut	New-Haven_CT	West-Haven_CT		M	Bourgikos						Aedes_cantator	Multi_Aedes	Multivoltine	A	A.1	A.1.0
CT|Yale-JC0457|2013	JCV		2013-06-18	Connecticut	New-Haven_CT	West-Haven_CT		M	Bourgikos						Aedes_cantator	Multi_Aedes	Multivoltine	A	A.1	A.1.0
CT|Yale-JC0458|2013	JCV		2013-06-24	Connecticut	New-London_CT	Stonington_CT		M	Bourgikos						Aedes_excrucians	Uni_Aedes	Univoltine	B	B	B.0
CT|Yale-JC0459|2013	JCV		2013-06-25	Connecticut	New-Haven_CT	East-Haven_CT		M	Bourgikos						Aedes_cantator	Multi_Aedes	Multivoltine	B	B	B.0
CT|Yale-JC0461|2013	JCV		2013-07-09	Connecticut	New-Haven_CT	Branford_CT		M	Bourgikos						Aedes_canadensis	Uni_Aedes	Univoltine	A	A.1	A.1.0
CT|Yale-JC0462|2013	JCV		2013-07-10	Connecticut	New-Haven_CT	North-Haven_CT		M	Bourgikos						Aedes_sticticus	Uni_Aedes	Univoltine	A	A.1	A.1.0
CT|Yale-JC0463|2013	JCV		2013-07-22	Connecticut	Hartford_CT	Farmington_CT		M	Bourgikos						Aedes_canadensis	Uni_Aedes	Univoltine	A	A.1	A.1
CT|Yale-JC0464.1|2013	JCV		2013-08-12	Connecticut	Fairfield_CT	Stratford_CT		M	Bourgikos						Anopheles_quadrimaculatus	Multi_Anopheles	Multivoltine	A	A.1	A.1.0
CT|Yale-JC0465|2013	JCV		2013-08-13	Connecticut	Fairfield_CT	Norwalk_CT		M	Bourgikos						Aedes_canadensis	Uni_Aedes	Univoltine	A	A.1	A.1.0
CT|Yale-JC0469|2014	JCV		2014-06-10	Connecticut	Middlesex_CT	Chester_CT		M	Bourgikos						Aedes_abserratus	Uni_Aedes	Univoltine	B	B	B
CT|Yale-JC0470|2014	JCV		2014-06-16	Connecticut	New-London_CT	Stonington_CT		M	Bourgikos						Aedes_abserratus	Uni_Aedes	Univoltine	A	A.1	A.1.0
CT|Yale-JC0471|2014	JCV		2014-06-16	Connecticut	Fairfield_CT	Stamford_CT		M	Bourgikos						Aedes_cantator	Multi_Aedes	Multivoltine	A	A.1	A.1.0
CT|Yale-JC0472|2014	JCV		2014-06-17	Connecticut	New-Haven_CT	West-Haven_CT		M	Bourgikos						Aedes_cantator	Multi_Aedes	Multivoltine	A	A.1	A.1.0
CT|Yale-JC0473|2014	JCV		2014-06-24	Connecticut	Litchfield_CT	Canaan_CT		M	Bourgikos						Aedes_provocans	Uni_Aedes	Univoltine	B	B	B.0
CT|Yale-JC0474|2014	JCV		2014-06-30	Connecticut	New-London_CT	Lyme_CT		M	Bourgikos						Aedes_aurifer	Uni_Aedes	Univoltine	A	A.1	A.1.0
CT|Yale-JC0475|2014	JCV		2014-06-30	Connecticut	Fairfield_CT	Norwalk_CT		M	Bourgikos						Aedes_canadensis	Uni_Aedes	Univoltine	A	A.1	A.1.0
CT|Yale-JC0476|2014	JCV		2014-07-07	Connecticut	Fairfield_CT	Fairfield_CT		M	Bourgikos						Coquillettidia_perturbans	Uni_Coquillettidia	Univoltine	A	A.1	A.1.0
CT|Yale-JC0477|2014	JCV		2014-07-09	Connecticut	New-Haven_CT	West-Haven_CT		M	Bourgikos						Aedes_cantator	Multi_Aedes	Multivoltine	A	A.1	A.1.0
CT|Yale-JC0478|2014	JCV		2014-07-10	Connecticut	Windham_CT	Plainfield_CT		M	Bourgikos						Aedes_canadensis	Uni_Aedes	Univoltine	A	A.1	A.1.0
CT|Yale-JC0479|2014	JCV		2014-07-10	Connecticut	Fairfield_CT	Ridgefield_CT		M	Bourgikos						Coquillettidia_perturbans	Uni_Coquillettidia	Univoltine	A	A.1	A.1.0
CT|Yale-JC0480|2014	JCV		2014-07-10	Connecticut	Middlesex_CT	Westbrook_CT		M	Bourgikos						Aedes_vexans	Multi_Aedes	Multivoltine	A	A.1	A.1.0
CT|Yale-JC0482|2014	JCV		2014-07-14	Connecticut	New-Haven_CT	Milford_CT		M	Bourgikos						Aedes_canadensis	Uni_Aedes	Univoltine	A	A.1	A.1.0
CT|Yale-JC0483|2014	JCV		2014-07-14	Connecticut	New-Haven_CT	Milford_CT		M	Bourgikos						Aedes_cantator	Multi_Aedes	Multivoltine	B	B	B.0
CT|Yale-JC0484|2014	JCV		2014-07-15	Connecticut	New-London_CT	Stonington_CT		M	Bourgikos						Aedes_stimulans	Uni_Aedes	Univoltine	A	A.1	A.1.0
CT|Yale-JC0486|2014	JCV		2014-07-22	Connecticut	Fairfield_CT	Danbury_CT		M	Bourgikos						Aedes_vexans	Multi_Aedes	Multivoltine	B	B	B
CT|Yale-JC0487|2014	JCV		2014-08-07	Connecticut	New-London_CT	North-Stonington_CT		M	Bourgikos						Aedes_trivittatus	Multi_Aedes	Multivoltine	A	A.1	A.1.0
CT|Yale-JC0488|2014	JCV		2014-08-02	Connecticut	Fairfield_CT	Redding_CT		M	Bourgikos						Anopheles_punctipennis	Multi_Anopheles	Multivoltine	A	A.1	A.1.0
CT|Yale-JC0489|2014	JCV		2014-08-14	Connecticut	New-Haven_CT	Milford_CT		M	Bourgikos						Aedes_canadensis	Uni_Aedes	Univoltine	B	B	B.0
CT|Yale-JC0490|2014	JCV		2014-08-18	Connecticut	Litchfield_CT	Litchfield_CT		M	Bourgikos						Coquillettidia_perturbans	Uni_Coquillettidia	Univoltine	A	A.1	A.1.0
CT|Yale-JC0492|2015	JCV		2015-06-09	Connecticut	Middlesex_CT	Chester_CT		M	Bourgikos						Aedes_abserratus	Uni_Aedes	Univoltine	A	A.1	A.1.0
CT|Yale-JC0493|2015	JCV		2015-06-10	Connecticut	New-Haven_CT	Guilford_CT		M	Bourgikos						Aedes_cinereus	Uni_Aedes	Univoltine	A	A.1	A.1.0
CT|Yale-JC0494|2015	JCV		2015-06-11	Connecticut	Fairfield_CT	Stamford_CT		M	Bourgikos						Aedes_canadensis	Uni_Aedes	Univoltine	A	A.1	A.1.0
CT|Yale-JC0495|2015	JCV		2015-06-11	Connecticut	Litchfield_CT	Canaan_CT		M	Bourgikos						Aedes_provocans	Uni_Aedes	Univoltine	A	A.1	A.1.0
CT|Yale-JC0496|2015	JCV		2015-06-22	Connecticut	Middlesex_CT	Cromwell_CT		M	Bourgikos						Aedes_trivittatus	Multi_Aedes	Multivoltine	A	A.1	A.1.0
CT|Yale-JC0497|2015	JCV		2015-06-22	Connecticut	New-Haven_CT	Guilford_CT		M	Bourgikos						Aedes_canadensis	Uni_Aedes	Univoltine	A	A.1	A.1.0
CT|Yale-JC0498|2015	JCV		2015-06-22	Connecticut	New-London_CT	Stonington_CT		M	Bourgikos						Aedes_aurifer	Uni_Aedes	Univoltine	B	B	B.0
CT|Yale-JC0499|2015	JCV		2015-06-24	Connecticut	New-London_CT	Groton_CT		M	Bourgikos						Aedes_cantator	Multi_Aedes	Multivoltine	A	A.1	A.1.0
CT|Yale-JC0500|2015	JCV		2015-06-25	Connecticut	New-London_CT	Ledyard_CT		M	Bourgikos						Aedes_aurifer	Uni_Aedes	Univoltine	B	B	B.0
CT|Yale-JC0501|2015	JCV		2015-07-01	Connecticut	Fairfield_CT	Stratford_CT		M	Bourgikos						Aedes_vexans	Multi_Aedes	Multivoltine	A	A.1	A.1.0
CT|Yale-JC0502|2015	JCV		2015-07-29	Connecticut	Hartford_CT	West-Hartford_CT		M	Bourgikos						Anopheles_punctipennis	Multi_Anopheles	Multivoltine	A	A.1	A.1.0
CT|Yale-JC0503|2016	JCV		2016-06-08	Connecticut	Middlesex_CT	Chester_CT		M	Bourgikos						Aedes_abserratus	Uni_Aedes	Univoltine	A	A.1	A.1.0
CT|Yale-JC0504|2016	JCV		2016-06-08	Connecticut	New-Haven_CT	Orange_CT		M	Bourgikos						Aedes_abserratus	Uni_Aedes	Univoltine	A	A.1	A.1.0
CT|Yale-JC0505|2016	JCV		2016-06-08	Connecticut	New-Haven_CT	Orange_CT		M	Bourgikos						Aedes_abserratus	Uni_Aedes	Univoltine	A	A.1	A.1.0
CT|Yale-JC0506|2016	JCV		2016-06-08	Connecticut	New-Haven_CT	Orange_CT		M	Bourgikos						Aedes_aurifer	Uni_Aedes	Univoltine	B	B	B.0
CT|Yale-JC0507|2016	JCV		2016-06-09	Connecticut	New-Haven_CT	East-Haven_CT		M	Bourgikos						Aedes_aurifer	Uni_Aedes	Univoltine	A	A.1	A.1.0
CT|Yale-JC0511|2016	JCV		2016-06-15	Connecticut	Fairfield_CT	Wilton_CT		M	Bourgikos						Aedes_aurifer	Uni_Aedes	Univoltine	A	A.1	A.1.0
CT|Yale-JC0513|2016	JCV		2016-06-15	Connecticut	Fairfield_CT	Wilton_CT		M	Bourgikos						Aedes_aurifer	Uni_Aedes	Univoltine	A	A.1	A.1.0
CT|Yale-JC0514|2016	JCV		2016-06-15	Connecticut	Fairfield_CT	Wilton_CT		M	Bourgikos						Aedes_aurifer	Uni_Aedes	Univoltine	A	A.1	A.1.0
CT|Yale-JC0515|2016	JCV		2016-06-16	Connecticut	Windham_CT	Plainfield_CT		M	Bourgikos						Anopheles_punctipennis	Multi_Anopheles	Multivoltine	A	A.1	A.1.0
CT|Yale-JC0516|2016	JCV		2016-06-16	Connecticut	Windham_CT	Windham_CT		M	Bourgikos						Aedes_stimulans	Uni_Aedes	Univoltine	A	A.1	A.1.0
CT|Yale-JC0517|2016	JCV		2016-06-20	Connecticut	Fairfield_CT	Ridgefield_CT		M	Bourgikos						Aedes_aurifer	Uni_Aedes	Univoltine	B	B	B.0
CT|Yale-JC0518|2016	JCV		2016-06-22	Connecticut	New-Haven_CT	East-Haven_CT		M	Bourgikos						Aedes_aurifer	Uni_Aedes	Univoltine	B	B	B.0
CT|Yale-JC0519|2016	JCV		2016-06-22	Connecticut	New-Haven_CT	East-Haven_CT		M	Bourgikos						Aedes_aurifer	Uni_Aedes	Univoltine	A	A.1	A.1.0
CT|Yale-JC0520|2016	JCV		2016-06-22	Connecticut	New-Haven_CT	East-Haven_CT		M	Bourgikos						Aedes_aurifer	Uni_Aedes	Univoltine	A	A.1	A.1.0
CT|Yale-JC0521|2016	JCV		2016-06-29	Connecticut	Middlesex_CT	Chester_CT		M	Bourgikos						Aedes_canadensis	Uni_Aedes	Univoltine	A	A.1	A.1.0
CT|Yale-JC0522|2016	JCV		2016-06-29	Connecticut	New-Haven_CT	Orange_CT		M	Bourgikos						Aedes_canadensis	Uni_Aedes	Univoltine	none	none	none
CT|Yale-JC0523|2016	JCV		2016-07-07	Connecticut	New-Haven_CT	West-Haven_CT		M	Bourgikos						Aedes_cantator	Multi_Aedes	Multivoltine	A	A.1	A.1.0
CT|Yale-JC0524|2016	JCV		2016-07-18	Connecticut	Fairfield_CT	Fairfield_CT		M	Bourgikos						Aedes_canadensis	Uni_Aedes	Univoltine	B	B	B.0
CT|Yale-JC0525|2016	JCV		2016-07-19	Connecticut	Fairfield_CT	Wilton_CT		M	Bourgikos						Aedes_canadensis	Uni_Aedes	Univoltine	A	A.1	A.1.0
CT|Yale-JC0526|2016	JCV		2016-07-19	Connecticut	Fairfield_CT	Wilton_CT		M	Bourgikos						Aedes_stimulans	Uni_Aedes	Univoltine	A	A.1	A.1.0
CT|Yale-JC0527|2016	JCV		2016-07-26	Connecticut	New-London_CT	North-Stonington_CT		M	Bourgikos						Aedes_stimulans	Uni_Aedes	Univoltine	B	B	B.0
CT|Yale-JC0528|2016	JCV		2016-09-01	Connecticut	Fairfield_CT	Bethel_CT		M	Bourgikos						Anopheles_quadrimaculatus	Multi_Anopheles	Multivoltine	none	none	none
CT|Yale-JC0529|2017	JCV		2017-06-07	Connecticut	New-London_CT	North-Stonington_CT		M	Bourgikos						Aedes_abserratus	Uni_Aedes	Univoltine	none	none	none
CT|Yale-JC0530.1|2017	JCV		2017-06-08	Connecticut	Tolland_CT	Willlington_CT		M	Bourgikos						Aedes_abserratus	Uni_Aedes	Univoltine	B	B	B.0
CT|Yale-JC0532.2|2017	JCV		2017-06-15	Connecticut	New-Haven_CT	East-Haven_CT		M	Bourgikos						Aedes_aurifer	Uni_Aedes	Univoltine	A	A.1	A.1.0
CT|Yale-JC0533.1|2017	JCV		2017-06-15	Connecticut	New-Haven_CT	East-Haven_CT		M	Bourgikos						Aedes_aurifer	Uni_Aedes	Univoltine	A	A.1	A.1.0
CT|Yale-JC0535.1|2017	JCV		2017-06-15	Connecticut	New-Haven_CT	East-Haven_CT		M	Bourgikos						Aedes_aurifer	Uni_Aedes	Univoltine	B	B	B.0
CT|Yale-JC0536.1|2017	JCV		2017-06-19	Connecticut	New-London_CT	North-Stonington_CT		M	Bourgikos						Aedes_abserratus	Uni_Aedes	Univoltine	B	B	B
CT|Yale-JC0537.1|2017	JCV		2017-06-19	Connecticut	New-Haven_CT	North-Haven_CT		M	Bourgikos						Aedes_sticticus	Uni_Aedes	Univoltine	A	A.1	A.1.0
CT|Yale-JC0538|2017	JCV		2017-06-21	Connecticut	Windham_CT	Plainfield_CT		M	Bourgikos						Aedes_abserratus	Uni_Aedes	Univoltine	A	A.1	A.1.0
CT|Yale-JC0541|2017	JCV		2017-06-29	Connecticut	Tolland_CT	Willlington_CT		M	Bourgikos						Aedes_provocans	Uni_Aedes	Univoltine	A	A.1	A.1.0
CT|Yale-JC0542|2017	JCV		2017-07-05	Connecticut	Hartford_CT	New-Britain_CT		M	Bourgikos						Aedes_excrucians	Uni_Aedes	Univoltine	A	A.1	A.1.0
CT|Yale-JC0543|2017	JCV		2017-07-05	Connecticut	Hartford_CT	New-Britain_CT		M	Bourgikos						Aedes_stimulans	Uni_Aedes	Univoltine	B	B	B.0
CT|Yale-JC0544|2017	JCV		2017-07-05	Connecticut	Fairfield_CT	Ridgefield_CT		M	Bourgikos						Aedes_canadensis	Uni_Aedes	Univoltine	A	A.1	A.1.0
CT|Yale-JC0545|2017	JCV		2017-07-05	Connecticut	Fairfield_CT	Shelton_CT		M	Bourgikos						Aedes_canadensis	Uni_Aedes	Univoltine	A	A.1	A.1.0
CT|Yale-JC0546|2017	JCV		2017-07-11	Connecticut	Hartford_CT	Wethersfield_CT		M	Bourgikos						Anopheles_punctipennis	Multi_Anopheles	Multivoltine	A	A.1	A.1.0
CT|Yale-JC0547|2017	JCV		2017-07-12	Connecticut	New-Haven_CT	North-Haven_CT		M	Bourgikos						Aedes_stimulans	Uni_Aedes	Univoltine	B	B	B
CT|Yale-JC0548|2017	JCV		2017-07-20	Connecticut	Hartford_CT	Wethersfield_CT		M	Bourgikos						Anopheles_punctipennis	Multi_Anopheles	Multivoltine	A	A.1	A.1.0
CT|Yale-JC0549.1|2017	JCV		2017-07-27	Connecticut	New-Haven_CT	Meriden_CT		M	Bourgikos						Anopheles_punctipennis	Multi_Anopheles	Multivoltine	B	B	B.0
CT|Yale-JC0550|2017	JCV		2017-08-08	Connecticut	Fairfield_CT	Shelton_CT		M	Bourgikos						Aedes_canadensis	Uni_Aedes	Univoltine	A	A.1	A.1.0
CT|Yale-JC0551|2017	JCV		2017-08-15	Connecticut	Fairfield_CT	Stratford_CT		M	Bourgikos						Aedes_taeniorhynchus	Multi_Aedes	Multivoltine	A	A.1	A.1.0
CT|Yale-JC0552|2017	JCV		2017-08-24	Connecticut	Fairfield_CT	Easton_CT		M	Bourgikos						Anopheles_punctipennis	Multi_Anopheles	Multivoltine	A	A.1	A.1.0
CT|Yale-JC0553|2017	JCV		2017-08-31	Connecticut	New-Haven_CT	Waterbury_CT		M	Bourgikos						Anopheles_punctipennis	Multi_Anopheles	Multivoltine	B	B	B.0
CT|Yale-JC0554|2018	JCV		2018-06-04	Connecticut	New-Haven_CT	Madison_CT		M	Bourgikos						Aedes_abserratus	Uni_Aedes	Univoltine	A	A.1	A.1.0
CT|Yale-JC0555|2018	JCV		2018-06-05	Connecticut	Litchfield_CT	Canaan_CT		M	Bourgikos						Aedes_provocans	Uni_Aedes	Univoltine	A	A.1	A.1.0
CT|Yale-JC0556|2018	JCV		2018-06-05	Connecticut	Litchfield_CT	Canaan_CT		M	Bourgikos						Aedes_provocans	Uni_Aedes	Univoltine	A	A.1	A.1.0
CT|Yale-JC0557|2018	JCV		2018-06-05	Connecticut	New-Haven_CT	East-Haven_CT		M	Bourgikos						Aedes_aurifer	Uni_Aedes	Univoltine	B	B	B.0
CT|Yale-JC0558|2018	JCV		2018-06-06	Connecticut	Tolland_CT	Tolland_CT		M	Bourgikos						Aedes_abserratus	Uni_Aedes	Univoltine	B	B	B.0
CT|Yale-JC0559|2018	JCV		2018-06-07	Connecticut	Hartford_CT	West-Hartford_CT		M	Bourgikos						Aedes_cantator	Multi_Aedes	Multivoltine	A	A.1	A.1.0
CT|Yale-JC0560|2018	JCV		2018-06-07	Connecticut	Fairfield_CT	Weston_CT		M	Bourgikos						Aedes_abserratus	Uni_Aedes	Univoltine	A	A.1	A.1.0
CT|Yale-JC0561|2018	JCV		2018-06-11	Connecticut	Fairfield_CT	Ridgefield_CT		M	Bourgikos						Aedes_abserratus	Uni_Aedes	Univoltine	A	A.1	A.1.0
CT|Yale-JC0562|2018	JCV		2018-06-12	Connecticut	Middlesex_CT	Chester_CT		M	Bourgikos						Aedes_abserratus	Uni_Aedes	Univoltine	B	B	B.0
CT|Yale-JC0563|2018	JCV		2018-06-14	Connecticut	Litchfield_CT	Canaan_CT		M	Bourgikos						Coquillettidia_perturbans	Uni_Coquillettidia	Univoltine	A	A.1	A.1.0
CT|Yale-JC0564|2018	JCV		2018-06-14	Connecticut	Litchfield_CT	Canaan_CT		M	Bourgikos						Aedes_provocans	Uni_Aedes	Univoltine	A	A.1	A.1.0
CT|Yale-JC0565|2018	JCV		2018-06-19	Connecticut	New-Haven_CT	New-Haven_CT		M	Bourgikos						Aedes_cantator	Multi_Aedes	Multivoltine	A	A.1	A.1.0
CT|Yale-JC0566|2018	JCV		2018-06-19	Connecticut	New-Haven_CT	West-Haven_CT		M	Bourgikos						Aedes_cantator	Multi_Aedes	Multivoltine	A	A.1	A.1.0
CT|Yale-JC0567|2018	JCV		2018-06-25	Connecticut	Middlesex_CT	Cromwell_CT		M	Bourgikos						Anopheles_punctipennis	Multi_Anopheles	Multivoltine	A	A.1	A.1.0
CT|Yale-JC0568|2018	JCV		2018-06-25	Connecticut	Middlesex_CT	Cromwell_CT		M	Bourgikos						Aedes_stimulans	Uni_Aedes	Univoltine	A	A.1	A.1.0
CT|Yale-JC0569|2018	JCV		2018-06-26	Connecticut	Litchfield_CT	Canaan_CT		M	Bourgikos						Aedes_canadensis	Uni_Aedes	Univoltine	A	A.1	A.1.0
CT|Yale-JC0570|2018	JCV		2018-06-26	Connecticut	Litchfield_CT	Canaan_CT		M	Bourgikos						Aedes_provocans	Uni_Aedes	Univoltine	A	A.1	A.1.0
CT|Yale-JC0571|2018	JCV		2018-06-27	Connecticut	Hartford_CT	Manchester_CT		M	Bourgikos						Aedes_aurifer	Uni_Aedes	Univoltine	B	B	B
CT|Yale-JC0572|2018	JCV		2018-06-27	Connecticut	Hartford_CT	Manchester_CT		M	Bourgikos						Aedes_canadensis	Uni_Aedes	Univoltine	B	B	B
CT|Yale-JC0573|2018	JCV		2018-06-27	Connecticut	Fairfield_CT	New-Canaan_CT		M	Bourgikos						Aedes_aurifer	Uni_Aedes	Univoltine	A	A.1	A.1.0
CT|Yale-JC0575|2018	JCV		2018-06-28	Connecticut	New-Haven_CT	West-Haven_CT		M	Bourgikos						Aedes_cantator	Multi_Aedes	Multivoltine	A	A.1	A.1.0
CT|Yale-JC0577|2018	JCV		2018-06-28	Connecticut	Fairfield_CT	Wilton_CT		M	Bourgikos						Aedes_excrucians	Uni_Aedes	Univoltine	A	A.1	A.1.0
CT|Yale-JC0578|2018	JCV		2018-07-02	Connecticut	Fairfield_CT	Shelton_CT		M	Bourgikos						Coquillettidia_perturbans	Uni_Coquillettidia	Univoltine	A	A.1	A.1.0
CT|Yale-JC0580|2018	JCV		2018-07-12	Connecticut	New-Haven_CT	New-Haven_CT		M	Bourgikos						Aedes_vexans	Multi_Aedes	Multivoltine	A	A.1	A.1.0
CT|Yale-JC0581|2018	JCV		2018-07-12	Connecticut	New-London_CT	Waterford_CT		M	Bourgikos						Aedes_aurifer	Uni_Aedes	Univoltine	B	B	B.0
CT|Yale-JC0582|2018	JCV		2018-07-12	Connecticut	Hartford_CT	West-Hartford_CT		M	Bourgikos						Coquillettidia_perturbans	Uni_Coquillettidia	Univoltine	A	A.1	A.1.0
CT|Yale-JC0583|2018	JCV		2018-07-16	Connecticut	Fairfield_CT	Ridgefield_CT		M	Bourgikos						Aedes_canadensis	Uni_Aedes	Univoltine	A	A.1	A.1.0
CT|Yale-JC0584|2018	JCV		2018-07-16	Connecticut	Fairfield_CT	Ridgefield_CT		M	Bourgikos						Aedes_canadensis	Uni_Aedes	Univoltine	A	A.1	A.1.0
CT|Yale-JC0585|2018	JCV		2018-07-16	Connecticut	Fairfield_CT	Wilton_CT		M	Bourgikos						Anopheles_punctipennis	Multi_Anopheles	Multivoltine	A	A.1	A.1.0
CT|Yale-JC0586|2018	JCV		2018-07-17	Connecticut	Fairfield_CT	Monroe_CT		M	Bourgikos						Aedes_excrucians	Uni_Aedes	Univoltine	A	A.1	A.1.0
CT|Yale-JC0587|2018	JCV		2018-07-18	Connecticut	New-Haven_CT	Meriden_CT		M	Bourgikos						Anopheles_punctipennis	Multi_Anopheles	Multivoltine	A	A.1	A.1.0
CT|Yale-JC0588|2018	JCV		2018-07-19	Connecticut	Litchfield_CT	Canaan_CT		M	Bourgikos						Aedes_canadensis	Uni_Aedes	Univoltine	A	A.1	A.1.0
CT|Yale-JC0589|2018	JCV		2018-07-23	Connecticut	New-London_CT	North-Stonington_CT		M	Bourgikos						Coquillettidia_perturbans	Uni_Coquillettidia	Univoltine	B	B	B.0
CT|Yale-JC0590|2018	JCV		2018-07-23	Connecticut	Hartford_CT	West-Hartford_CT		M	Bourgikos						Anopheles_punctipennis	Multi_Anopheles	Multivoltine	none	none	none
CT|Yale-JC0591|2018	JCV		2018-07-25	Connecticut	New-Haven_CT	Waterbury_CT		M	Bourgikos						Anopheles_punctipennis	Multi_Anopheles	Multivoltine	A	A.1	A.1.0
CT|Yale-JC0592|2018	JCV		2018-07-26	Connecticut	New-Haven_CT	Cheshire_CT		M	Bourgikos						Aedes_canadensis	Uni_Aedes	Univoltine	A	A.1	A.1.0
CT|Yale-JC0593|2018	JCV		2018-07-30	Connecticut	Litchfield_CT	Litchfield_CT		M	Bourgikos						Aedes_aurifer	Uni_Aedes	Univoltine	B	B	B.0
CT|Yale-JC0594|2018	JCV		2018-07-31	Connecticut	Fairfield_CT	Darien_CT		M	Bourgikos						Aedes_taeniorhynchus	Multi_Aedes	Multivoltine	A	A.1	A.1.0
CT|Yale-JC0595|2018	JCV		2018-08-01	Connecticut	Fairfield_CT	Darien_CT		M	Bourgikos						Aedes_taeniorhynchus	Multi_Aedes	Multivoltine	A	A.1	A.1.0
CT|Yale-JC0596|2018	JCV		2018-08-01	Connecticut	Fairfield_CT	Darien_CT		M	Bourgikos						Aedes_taeniorhynchus	Multi_Aedes	Multivoltine	A	A.1	A.1.0
CT|Yale-JC0597|2018	JCV		2018-08-01	Connecticut	Fairfield_CT	Darien_CT		M	Bourgikos						Aedes_taeniorhynchus	Multi_Aedes	Multivoltine	A	A.1	A.1.0
CT|Yale-JC0598|2018	JCV		2018-08-01	Connecticut	Fairfield_CT	Fairfield_CT		M	Bourgikos						Aedes_thibaulti	Uni_Aedes	Univoltine	A	A.1	A.1.0
CT|Yale-JC0599|2018	JCV		2018-08-02	Connecticut	Fairfield_CT	Redding_CT		M	Bourgikos						Anopheles_punctipennis	Multi_Anopheles	Multivoltine	A	A.1	A.1.0
CT|Yale-JC0600|2018	JCV		2018-08-08	Connecticut	Fairfield_CT	Darien_CT		M	Bourgikos						Aedes_taeniorhynchus	Multi_Aedes	Multivoltine	A	A.1	A.1.0
CT|Yale-JC0601|2018	JCV		2018-08-22	Connecticut	Fairfield_CT	Stamford_CT		M	Bourgikos						Aedes_cinereus	Uni_Aedes	Univoltine	A	A.1	A.1
CT|Yale-JC0602.1|2019	JCV		2019-06-04	Connecticut	Litchfield_CT	Canaan_CT		M	Bourgikos						Aedes_provocans	Uni_Aedes	Univoltine	A	A.1	A.1.0
CT|Yale-JC0603|2019	JCV		2019-06-17	Connecticut	New-London_CT	North-Stonington_CT		M	Bourgikos						Aedes_abserratus	Uni_Aedes	Univoltine	B	B	B.0
CT|Yale-JC0604.1|2019	JCV		2019-06-18	Connecticut	New-Haven_CT	West-Haven_CT		M	Bourgikos						Aedes_cantator	Multi_Aedes	Multivoltine	A	A.1	A.1.0
CT|Yale-JC0605|2019	JCV		2019-06-18	Connecticut	New-Haven_CT	West-Haven_CT		M	Bourgikos						Aedes_cantator	Multi_Aedes	Multivoltine	A	A.1	A.1.0
CT|Yale-JC0606|2019	JCV		2019-06-18	Connecticut	New-Haven_CT	West-Haven_CT		M	Bourgikos						Aedes_cantator	Multi_Aedes	Multivoltine	A	A.1	A.1.0
CT|Yale-JC607.1|2019	JCV		2019-06-18	Connecticut	New-Haven_CT	West-Haven_CT		M	Bourgikos						Aedes_cantator	Multi_Aedes	Multivoltine	A	A.1	A.1.0
CT|Yale-JC0608|2019	JCV		2019-06-18	Connecticut	New-Haven_CT	West-Haven_CT		M	Bourgikos						Aedes_cantator	Multi_Aedes	Multivoltine	A	A.1	A.1.0
CT|Yale-JC0609|2019	JCV		2019-06-20	Connecticut	Fairfield_CT	Westport_CT		M	Bourgikos						Aedes_cantator	Multi_Aedes	Multivoltine	A	A.1	A.1.0
CT|Yale-JC0610.1|2019	JCV		2019-07-01	Connecticut	Fairfield_CT	Shelton_CT		M	Bourgikos						Aedes_thibaulti	Uni_Aedes	Univoltine	B	B	B.0
CT|Yale-JC0611|2019	JCV		2019-07-09	Connecticut	Fairfield_CT	Fairfield_CT		M	Bourgikos						Aedes_cantator	Multi_Aedes	Multivoltine	A	A.1	A.1.0
CT|Yale-JC0612|2019	JCV		2019-07-10	Connecticut	New-Haven_CT	North-Haven_CT		M	Bourgikos						Coquillettidia_perturbans	Uni_Coquillettidia	Univoltine	A	A.1	A.1.0
CT|Yale-JC0613|2019	JCV		2019-07-10	Connecticut	Hartford_CT	South-Windsor_CT		M	Bourgikos						Anopheles_punctipennis	Multi_Anopheles	Multivoltine	A	A.1	A.1.0
CT|Yale-JC0614|2019	JCV		2019-07-11	Connecticut	New-Haven_CT	West-Haven_CT		M	Bourgikos						Aedes_cantator	Multi_Aedes	Multivoltine	A	A.1	A.1.0
CT|Yale-JC0615|2019	JCV		2019-07-11	Connecticut	New-Haven_CT	West-Haven_CT		M	Bourgikos						Aedes_cantator	Multi_Aedes	Multivoltine	A	A.1	A.1.0
CT|Yale-JC0616|2019	JCV		2019-07-15	Connecticut	Windham_CT	Hampton_CT		M	Bourgikos						Coquillettidia_perturbans	Uni_Coquillettidia	Univoltine	B	B	B
CT|Yale-JC0618|2019	JCV		2019-07-16	Connecticut	New-Haven_CT	Milford_CT		M	Bourgikos						Anopheles_punctipennis	Multi_Anopheles	Multivoltine	A	A.1	A.1.0
CT|Yale-JC0619|2019	JCV		2019-07-18	Connecticut	Litchfield_CT	Litchfield_CT		M	Bourgikos						Coquillettidia_perturbans	Uni_Coquillettidia	Univoltine	A	A.1	A.1.0
CT|Yale-JC0620|2019	JCV		2019-07-18	Connecticut	Litchfield_CT	Litchfield_CT		M	Bourgikos						Aedes_stimulans	Uni_Aedes	Univoltine	A	A.1	A.1.0
CT|Yale-JC0621|2019	JCV		2019-07-24	Connecticut	Fairfield_CT	Danbury_CT		M	Bourgikos						Aedes_canadensis	Uni_Aedes	Univoltine	A	A.1	A.1.0
CT|Yale-JC0622|2019	JCV		2019-07-29	Connecticut	Middlesex_CT	Haddam_CT		M	Bourgikos						Coquillettidia_perturbans	Uni_Coquillettidia	Univoltine	A	A.1	A.1.0
CT|Yale-JC0623|2019	JCV		2019-08-05	Connecticut	Hartford_CT	Southington_CT		M	Bourgikos						Aedes_canadensis	Uni_Aedes	Univoltine	A	A.1	A.1.0
CT|Yale-JC0624|2019	JCV		2019-09-04	Connecticut	Fairfield_CT	Darien_CT		M	Bourgikos						Anopheles_quadrimaculatus	Multi_Anopheles	Multivoltine	A	A.1	A.1.0
CT|Yale-JC0628|2020	JCV		2020-06-09	Connecticut	Fairfield_CT	Westport_CT		M	Bourgikos						Aedes_cantator	Multi_Aedes	Multivoltine	A	A.1	A.1.0
CT|Yale-JC0629|2020	JCV		2020-06-15	Connecticut	New-London_CT	North-Stonington_CT		M	Bourgikos						Aedes_cinereus	Uni_Aedes	Univoltine	B	B	B.0
CT|Yale-JC0630|2020	JCV		2020-07-01	Connecticut	Fairfield_CT	Bridgeport_CT		M	Bourgikos						Aedes_taeniorhynchus	Multi_Aedes	Multivoltine	A	A.1	A.1.0
CT|Yale-JC0631|2020	JCV		2020-07-13	Connecticut	Fairfield_CT	Danbury_CT		M	Bourgikos						Coquillettidia_perturbans	Uni_Coquillettidia	Univoltine	A	A.1	A.1.0
CT|Yale-JC0632|2020	JCV		2020-07-13	Connecticut	Fairfield_CT	Danbury_CT		M	Bourgikos						Aedes_canadensis	Uni_Aedes	Univoltine	A	A.1	A.1.0
CT|Yale-JC0633|2020	JCV		2020-07-15	Connecticut	Litchfield_CT	Litchfield_CT		M	Bourgikos						Anopheles_punctipennis	Multi_Anopheles	Multivoltine	A	A.1	A.1.0
CT|Yale-JC0634|2020	JCV		2020-07-21	Connecticut	Fairfield_CT	Bethel_CT		M	Bourgikos						Coquillettidia_perturbans	Uni_Coquillettidia	Univoltine	A	A.1	A.1.0
CT|Yale-JC0635|2020	JCV		2020-07-21	Connecticut	Fairfield_CT	Danbury_CT		M	Bourgikos						Coquillettidia_perturbans	Uni_Coquillettidia	Univoltine	A	A.1	A.1.0
CT|Yale-JC0636|2020	JCV		2020-07-22	Connecticut	New-London_CT	Franklin_CT		M	Bourgikos						Coquillettidia_perturbans	Uni_Coquillettidia	Univoltine	B	B	B.0
CT|Yale-JC0638.1|2021	JCV		2021-06-02	Connecticut	Tolland_CT	Somers_CT		M	Bourgikos						Anopheles_punctipennis	Multi_Anopheles	Multivoltine	A	A.1	A.1.0
CT|Yale-JC0639|2021	JCV		2021-06-03	Connecticut	Litchfield_CT	Canaan_CT		M	Bourgikos						Aedes_provocans	Uni_Aedes	Univoltine	A	A.1	A.1.0
CT|Yale-JC0641|2021	JCV		2021-06-08	Connecticut	Windham_CT	Plainfield_CT		M	Bourgikos						Aedes_abserratus	Uni_Aedes	Univoltine	B	B	B
CT|Yale-JC0643|2021	JCV		2021-06-29	Connecticut	Windham_CT	Canterbury_CT		M	Bourgikos						Aedes_excrucians	Uni_Aedes	Univoltine	B	B	B.0
CT|Yale-JC0644|2021	JCV		2021-07-12	Connecticut	Fairfield_CT	Shelton_CT		M	Bourgikos						Aedes_thibaulti	Uni_Aedes	Univoltine	B	B	B.0
CT|Yale-JC0645|2021	JCV		2021-07-20	Connecticut	New-Haven_CT	New-Haven_CT		M	Bourgikos						Anopheles_punctipennis	Multi_Anopheles	Multivoltine	A	A.1	A.1.0
CT|Yale-JC0646|2021	JCV		2021-07-21	Connecticut	Hartford_CT	New-Britain_CT		M	Bourgikos						Coquillettidia_perturbans	Uni_Coquillettidia	Univoltine	A	A.1	A.1.0
CT|Yale-JC0647|2021	JCV		2021-07-21	Connecticut	Hartford_CT	New-Britain_CT		M	Bourgikos						Coquillettidia_perturbans	Uni_Coquillettidia	Univoltine	A	A.1	A.1.0
CT|Yale-JC0648|2021	JCV		2021-07-26	Connecticut	Hartford_CT	Wethersfield_CT		M	Bourgikos						Anopheles_punctipennis	Multi_Anopheles	Multivoltine	A	A.1	A.1.2
CT|Yale-JC0649|2021	JCV		2021-07-27	Connecticut	Litchfield_CT	Cornwall_CT		M	Bourgikos						Aedes_thibaulti	Uni_Aedes	Univoltine	B	B	B.0
CT|Yale-JC0650|2021	JCV		2021-07-28	Connecticut	Fairfield_CT	Easton_CT		M	Bourgikos						Aedes_cinereus	Uni_Aedes	Univoltine	A	A.1	A.1.0
CT|Yale-JC0651|2021	JCV		2021-08-10	Connecticut	Hartford_CT	Farmington_CT		M	Bourgikos						Coquillettidia_perturbans	Uni_Coquillettidia	Univoltine	A	A.1	A.1.0
CT|Yale-JC0652|2021	JCV		2021-08-10	Connecticut	New-London_CT	Salem_CT		M	Bourgikos						Anopheles_punctipennis	Multi_Anopheles	Multivoltine	B	B	B.0
CT|Yale-JC0654|2021	JCV		2021-08-25	Connecticut	Fairfield_CT	Newtown_CT		M	Bourgikos						Aedes_canadensis	Uni_Aedes	Univoltine	A	A.1	A.1.0
CT|Yale-JC0656|2022	JCV		2022-06-13	Connecticut	New-Haven_CT	East-Haven_CT		M	Bourgikos						Aedes_aurifer	Uni_Aedes	Univoltine	A	A.1	A.1.0
CT|Yale-JC0657|2022	JCV		2022-06-15	Connecticut	New-London_CT	Voluntown_CT		M	Bourgikos						Aedes_excrucians	Uni_Aedes	Univoltine	B	B	B.0
CT|Yale-JC0658|2022	JCV		2022-06-22	Connecticut	New-Haven_CT	East-Haven_CT		M	Bourgikos						Aedes_aurifer	Uni_Aedes	Univoltine	A	A.1	A.1.0
CT|Yale-JC0659|2022	JCV		2022-07-06	Connecticut	Hartford_CT	Farmington_CT		M	Bourgikos						Coquillettidia_perturbans	Uni_Coquillettidia	Univoltine	A	A.1	A.1
CT|Yale-JC0660|2022	JCV		2022-07-18	Connecticut	New-Haven_CT	Hamden_CT		M	Bourgikos						Coquillettidia_perturbans	Uni_Coquillettidia	Univoltine	A	A.1	A.1.0
CT|Yale-JC0661|2022	JCV		2022-07-18	Connecticut	Fairfield_CT	Redding_CT		M	Bourgikos						Aedes_canadensis	Uni_Aedes	Univoltine	A	A.1	A.1.0
CT|Yale-JC0662|2022	JCV		2022-07-19	Connecticut	Hartford_CT	Hartford_CT		M	Bourgikos						Aedes_stimulans	Uni_Aedes	Univoltine	A	A.1	A.1.0
CT|Yale-JC0663|2022	JCV		2022-08-03	Connecticut	Tolland_CT	Columbia_CT		M	Bourgikos						Coquillettidia_perturbans	Uni_Coquillettidia	Univoltine	A	A.1	A.1
CT|Yale-JC0664|2022	JCV		2022-08-11	Connecticut	New-Haven_CT	Wallingford_CT		M	Bourgikos						Anopheles_punctipennis	Multi_Anopheles	Multivoltine	A	A.1	A.1.0
PA|Yale-JC0807|2023	JCV		2023-08-22	Pennsylvania	Bucks_PA	Warminster_PA		M	Bourgikos						Unknown	Unknown	Unknown	A	A.1	A.1
PA|Yale-JC0813|2023	JCV		2023-09-13	Pennsylvania	Northumberland_PA	West_Chillisquaque_PA		M	Bourgikos						Aedes_trivittatus	Multi_Aedes	Multivoltine	A	A.1	A.1.1
PA|Yale-JC0822|2023	JCV		2023-09-28	Pennsylvania	Armstrong_PA	Rayburn_PA		M	Bourgikos						Aedes_trivittatus	Multi_Aedes	Multivoltine	A	A.1	A.1
MI|Yale-JC0775|2023	JCV		2023-06-30	Michigan	Bay_MI	Unknown_Bay_MI		M	Bourgikos						Anopheles_punctipennis	Multi_Anopheles	Multivoltine	A	A.2	A.2