Table key:,,,,,,,,,,,,,,,,,,,
~            = It is possible that this apparent recombination signal could have been caused by an evolutionary,,,,,,,,,,,,,,,,,,,
               process other than recombination.,,,,,,,,,,,,,,,,,,,
*            = The actual breakpoint position is undetermined (it was most likely either overprinted by a subsequent ,,,,,,,,,,,,,,,,,,,
               recombination event or off the edges of the analysed sequence fragments).,,,,,,,,,,,,,,,,,,,
$            = This might not be breakpoint - it is likey the edge of a genome segment (possibly exchanged during reassortment),,,,,,,,,,,,,,,,,,,
^            = The recombinant sequence may have been misidentified (one of the identified parents might be the recombinant),,,,,,,,,,,,,,,,,,,
Minor Parent = Parent contributing the smaller fraction of sequence.,,,,,,,,,,,,,,,,,,,
Major Parent = Parent contributing the larger fraction of sequence.,,,,,,,,,,,,,,,,,,,
Unknown      = Only one parent and a recombinant need be in the alignment for a recombination event to be detectable.,,,,,,,,,,,,,,,,,,,
               The sequence listed as unknown was used to infer the existance of a missing parental sequence.,,,,,,,,,,,,,,,,,,,
NS           = No significant P-value was recorded for this recombination event using the particular method in question.,,,,,,,,,,,,,,,,,,,
,,,,,,,,,,,,,,,,,,,
,,,Breakpoint Positions,,,,,,,,,,,,,,,,
,,In Alignment, ,In Recombinant Sequence, ,Relative to CA_Manitoba|MH370819.1|1979,,, , , , , , Detection Methods,,,,,
Recombination Event Number, Number In .RDP File, Begin, End,Begin, End,Begin, End, Recombinant Sequence(s), Minor Parental Sequence(s), Major Parental Sequence(s), RDP, GENECONV, Bootscan, Maxchi, Chimaera, SiSscan,PhylPro, LARD, 3Seq
1,1,12306,5348,12260,5322,12263,5321,CT|Yale-JC0343|2009,CT|Yale-JC0429|2011,CT|Yale-JC0373|2010,2.38E-252,7.88E-215,3.79E-239,9.20E-66,5.61E-66,2.19E-72,NS,NS,5.67E-294
1,,,,,,,,,CT|Yale-JC0444|2012,CT|Yale-JC0006|1997,,,,,,,,,
1,,,,,,,,,,CT|Yale-JC0136|2003,,,,,,,,,
1,,,,,,,,,,CT|Yale-JC0415|2011,,,,,,,,,
1,,,,,,,,,,CT|Yale-JC0593|2018,,,,,,,,,
1,,,,,,,,,,CT|Yale-JC0649|2021,,,,,,,,,
1,,,,,,,,,,CT|Yale-JC0144|2004,,,,,,,,,
1,,,,,,,,,,CT|Yale-JC0035|2000,,,,,,,,,
,,,,,,,,,,,,,,,,,,,
2,2,12306,5400,12259,5370,12263,5372,CT|Yale-JC0344|2009,CT|Yale-JC0373|2010,CT|Yale-JC0358|2009,4.07E-241,5.38E-213,4.25E-241,1.17E-65,7.24E-66,1.50E-69,NS,NS,5.67E-294
2,,,,,,,,,CT|Yale-JC0104|2003,CT|Yale-JC0465|2013,,,,,,,,,
2,,,,,,,,,CT|Yale-JC0105|2003,,,,,,,,,,
2,,,,,,,,,CT|Yale-JC0381|2011,,,,,,,,,,
2,,,,,,,,,CT|Yale-JC0500|2015,,,,,,,,,,
2,,,,,,,,,CT|Yale-JC0002|1992,,,,,,,,,,
2,,,,,,,,,CT|Yale-JC0108|2003,,,,,,,,,,
,,,,,,,,,,,,,,,,,,,
3,3,5404,12308,5380,12265,5376,12265,^CA|JSV_KX817319.1|1963,Unknown (ND|Yale-JC0225|2005),CO|KX817316.1|1961,1.41E-173,1.67E-169,8.58E-108,1.08E-64,7.89E-07,1.28E-85,NS,NS,2.02E-301
3,,,,,,,,,Unknown(ND|Yale-JC0226|2005),NM|MH900531.1|1977,,,,,,,,,
,,,,,,,,,,,,,,,,,,,
4,4,5409,12292,5382,12259,5381,12259,^ND|Yale-JC0225|2005,CO|KX817316.1|1961,CT|Yale-JC0577|2018,1.87E-140,1.60E-138,4.99E-91,5.04E-50,3.92E-51,1.24E-55,NS,NS,5.69E-241
4,,,,,,,,ND|Yale-JC0226|2005,NM|MH900531.1|1977,CT|Yale-JC0003|1997,,,,,,,,,
4,,,,,,,,,,CT|Yale-JC0177|2005,,,,,,,,,
4,,,,,,,,,,CT|Yale-JC0036|2000,,,,,,,,,
4,,,,,,,,,,CT|Yale-JC0041|2000,,,,,,,,,
4,,,,,,,,,,CT|Yale-JC0056|2002,,,,,,,,,
4,,,,,,,,,,CT|Yale-JC0062|2002,,,,,,,,,
4,,,,,,,,,,CT|Yale-JC0142|2003,,,,,,,,,
4,,,,,,,,,,CT|Yale-JC0548|2017,,,,,,,,,
4,,,,,,,,,,CT|Yale-JC0583|2018,,,,,,,,,
4,,,,,,,,,,CT|Yale-JC0053|2001,,,,,,,,,
4,,,,,,,,,,CT|Yale-JC0098|2003,,,,,,,,,
4,,,,,,,,,,CT|Yale-JC0310|2008,,,,,,,,,
4,,,,,,,,,,CT|Yale-JC0389|2011,,,,,,,,,
4,,,,,,,,,,CT|Yale-JC0372.1|2010,,,,,,,,,
4,,,,,,,,,,CT|Yale-JC0359|2010,,,,,,,,,
4,,,,,,,,,,CT|Yale-JC0420|2011,,,,,,,,,
4,,,,,,,,,,CT|Yale-JC0451|2012,,,,,,,,,
4,,,,,,,,,,CT|Yale-JC0397|2011,,,,,,,,,
4,,,,,,,,,,CT|Yale-JC0475|2014,,,,,,,,,
4,,,,,,,,,,CT|Yale-JC0586|2018,,,,,,,,,
4,,,,,,,,,,CT|Yale-JC0599|2018,,,,,,,,,
4,,,,,,,,,,CT|Yale-JC0650|2021,,,,,,,,,
4,,,,,,,,,,CT|Yale-JC0537.1|2017,,,,,,,,,
4,,,,,,,,,,NY|JC29|2017,,,,,,,,,
4,,,,,,,,,,NY|Yale-JC0768|2017,,,,,,,,,
4,,,,,,,,,,CT|Yale-JC0628|2020,,,,,,,,,
4,,,,,,,,,,CT|Yale-JC0270|2007,,,,,,,,,
4,,,,,,,,,,CT|Yale-JC0299|2008,,,,,,,,,
4,,,,,,,,,,CT|Yale-JC0302|2008,,,,,,,,,
4,,,,,,,,,,CT|Yale-JC0298|2007,,,,,,,,,
4,,,,,,,,,,CT|Yale-JC0318|2008,,,,,,,,,
4,,,,,,,,,,CT|Yale-JC0320|2009,,,,,,,,,
4,,,,,,,,,,CT|Yale-JC0319|2009,,,,,,,,,
4,,,,,,,,,,CT|Yale-JC0585|2018,,,,,,,,,
4,,,,,,,,,,CT|Yale-JC0087|2003,,,,,,,,,
4,,,,,,,,,,CT|Yale-JC0354|2009,,,,,,,,,
4,,,,,,,,,,CT|Yale-JC0578|2018,,,,,,,,,
4,,,,,,,,,,CT|Yale-JC0619|2019,,,,,,,,,
4,,,,,,,,,,CT|Yale-JC0620|2019,,,,,,,,,
4,,,,,,,,,,CT|Yale-JC0651|2021,,,,,,,,,
4,,,,,,,,,,CT|Yale-JC0664|2022,,,,,,,,,
4,,,,,,,,,,CT|Yale-JC0645|2021,,,,,,,,,
4,,,,,,,,,,NY|JC10|2008,,,,,,,,,
4,,,,,,,,,,NY|Yale-JC0674|2008,,,,,,,,,
4,,,,,,,,,,CT|Yale-JC0480|2014,,,,,,,,,
4,,,,,,,,,,CT|Yale-JC0070|2002,,,,,,,,,
4,,,,,,,,,,CT|Yale-JC0340|2009,,,,,,,,,
4,,,,,,,,,,NY|JC16|2011,,,,,,,,,
4,,,,,,,,,,CT|Yale-JC0083|2003,,,,,,,,,
4,,,,,,,,,,ND|Yale-JC0160|2004,,,,,,,,,
4,,,,,,,,,,CT|Yale-JC0258|2006,,,,,,,,,
4,,,,,,,,,,CT|Yale-JC0241|2006,,,,,,,,,
4,,,,,,,,,,CT|Yale-JC0446|2012,,,,,,,,,
4,,,,,,,,,,CT|Yale-JC0448|2012,,,,,,,,,
4,,,,,,,,,,CT|Yale-JC0135|2003,,,,,,,,,
4,,,,,,,,,,CT|Yale-JC0140|2003,,,,,,,,,
4,,,,,,,,,,CT|Yale-JC0363|2010,,,,,,,,,
4,,,,,,,,,,CT|Yale-JC0521|2016,,,,,,,,,
4,,,,,,,,,,CT|Yale-JC0523|2016,,,,,,,,,
4,,,,,,,,,,CT|Yale-JC0618|2019,,,,,,,,,
4,,,,,,,,,,CT|Yale-JC0388|2011,,,,,,,,,
4,,,,,,,,,,CT|Yale-JC0503|2016,,,,,,,,,
4,,,,,,,,,,CT|Yale-JC0561|2018,,,,,,,,,
4,,,,,,,,,,CT|Yale-JC0584|2018,,,,,,,,,
4,,,,,,,,,,CT|Yale-JC0598|2018,,,,,,,,,
4,,,,,,,,,,CT|Yale-JC0621|2019,,,,,,,,,
4,,,,,,,,,,CT|Yale-JC0573|2018,,,,,,,,,
4,,,,,,,,,,CT|Yale-JC0631|2020,,,,,,,,,
4,,,,,,,,,,CT|Yale-JC0634|2020,,,,,,,,,
4,,,,,,,,,,CT|Yale-JC0632|2020,,,,,,,,,
4,,,,,,,,,,CT|Yale-JC0409|2011,,,,,,,,,
4,,,,,,,,,,CT|Yale-JC0501|2015,,,,,,,,,
4,,,,,,,,,,CT|Yale-JC0514|2016,,,,,,,,,
4,,,,,,,,,,CT|Yale-JC0661|2022,,,,,,,,,
4,,,,,,,,,,CT|Yale-JC0102|2003,,,,,,,,,
4,,,,,,,,,,CT|Yale-JC0103|2003,,,,,,,,,
4,,,,,,,,,,CT|Yale-JC0290|2007,,,,,,,,,
4,,,,,,,,,,CT|Yale-JC0300|2008,,,,,,,,,
4,,,,,,,,,,CT|Yale-JC0304|2008,,,,,,,,,
4,,,,,,,,,,CT|Yale-JC0303|2008,,,,,,,,,
4,,,,,,,,,,CT|Yale-JC0552|2017,,,,,,,,,
4,,,,,,,,,,CT|Yale-JC0198|2005,,,,,,,,,
4,,,,,,,,,,CT|Yale-JC0335|2009,,,,,,,,,
4,,,,,,,,,,CT|Yale-JC0355|2009,,,,,,,,,
4,,,,,,,,,,ND|Yale-JC0158|2004,,,,,,,,,
4,,,,,,,,,,CT|Yale-JC0477|2014,,,,,,,,,
4,,,,,,,,,,CT|Yale-JC0482|2014,,,,,,,,,
4,,,,,,,,,,CT|Yale-JC0464.1|2013,,,,,,,,,
4,,,,,,,,,,CT|Yale-JC0443|2012,,,,,,,,,
4,,,,,,,,,,CT|Yale-JC0399|2011,,,,,,,,,
4,,,,,,,,,,CT|Yale-JC0400|2011,,,,,,,,,
4,,,,,,,,,,CT|Yale-JC0408|2011,,,,,,,,,
4,,,,,,,,,,CT|Yale-JC0423|2011,,,,,,,,,
4,,,,,,,,,,CT|Yale-JC0425|2011,,,,,,,,,
4,,,,,,,,,,CT|Yale-JC0426|2011,,,,,,,,,
4,,,,,,,,,,CT|Yale-JC0401|2011,,,,,,,,,
4,,,,,,,,,,CT|Yale-JC0407|2011,,,,,,,,,
4,,,,,,,,,,CT|Yale-JC0402|2011,,,,,,,,,
4,,,,,,,,,,CT|Yale-JC0406|2011,,,,,,,,,
4,,,,,,,,,,CT|Yale-JC0404|2011,,,,,,,,,
4,,,,,,,,,,CT|Yale-JC0435|2011,,,,,,,,,
4,,,,,,,,,,CT|Yale-JC0422|2011,,,,,,,,,
4,,,,,,,,,,CT|Yale-JC0405|2011,,,,,,,,,
4,,,,,,,,,,CT|Yale-JC0461|2013,,,,,,,,,
4,,,,,,,,,,CT|Yale-JC0490|2014,,,,,,,,,
4,,,,,,,,,,CT|Yale-JC0622|2019,,,,,,,,,
4,,,,,,,,,,CT|Yale-JC0424|2011,,,,,,,,,
4,,,,,,,,,,CT|Yale-JC0499|2015,,,,,,,,,
4,,,,,,,,,,CT|Yale-JC0168|2005,,,,,,,,,
4,,,,,,,,,,CT|Yale-JC0239|2006,,,,,,,,,
4,,,,,,,,,,CT|Yale-JC0371|2010,,,,,,,,,
4,,,,,,,,,,CT|Yale-JC0556|2018,,,,,,,,,
4,,,,,,,,,,CT|Yale-JC0419|2011,,,,,,,,,
4,,,,,,,,,,CT|Yale-JC0250|2006,,,,,,,,,
4,,,,,,,,,,CT|Yale-JC0171|2005,,,,,,,,,
4,,,,,,,,,,CT|Yale-JC0184.1|2005,,,,,,,,,
4,,,,,,,,,,CT|Yale-JC0015|1999,,,,,,,,,
4,,,,,,,,,,CT|Yale-JC0016|1999,,,,,,,,,
4,,,,,,,,,,CT|Yale-JC0018|1999,,,,,,,,,
4,,,,,,,,,,CT|Yale-JC0025|2000,,,,,,,,,
4,,,,,,,,,,CT|Yale-JC0026|2000,,,,,,,,,
4,,,,,,,,,,CT|Yale-JC0350|2009,,,,,,,,,
4,,,,,,,,,,CT|Yale-JC0395|2011,,,,,,,,,
4,,,,,,,,,,CT|Yale-JC0532.2|2017,,,,,,,,,
4,,,,,,,,,,CT|Yale-JC0563|2018,,,,,,,,,
4,,,,,,,,,,CT|Yale-JC0564|2018,,,,,,,,,
4,,,,,,,,,,CT|Yale-JC0393|2011,,,,,,,,,
4,,,,,,,,,,CT|Yale-JC0639|2021,,,,,,,,,
4,,,,,,,,,,CT|Yale-JC0569|2018,,,,,,,,,
4,,,,,,,,,,CT|Yale-JC0570|2018,,,,,,,,,
4,,,,,,,,,,CT|Yale-JC0383|2011,,,,,,,,,
4,,,,,,,,,,CT|Yale-JC0385|2011,,,,,,,,,
4,,,,,,,,,,CT|Yale-JC0394|2011,,,,,,,,,
4,,,,,,,,,,CT|Yale-JC0472|2014,,,,,,,,,
4,,,,,,,,,,CT|Yale-JC0471|2014,,,,,,,,,
4,,,,,,,,,,CT|Yale-JC0496|2015,,,,,,,,,
4,,,,,,,,,,CT|Yale-JC0602.1|2019,,,,,,,,,
4,,,,,,,,,,CT|Yale-JC0554|2018,,,,,,,,,
4,,,,,,,,,,CT|Yale-JC0382|2011,,,,,,,,,
4,,,,,,,,,,CT|Yale-JC0051|2001,,,,,,,,,
4,,,,,,,,,,CT|Yale-JC0453|2013,,,,,,,,,
4,,,,,,,,,,CT|Yale-JC0068|2002,,,,,,,,,
4,,,,,,,,,,CT|Yale-JC0379|2010,,,,,,,,,
4,,,,,,,,,,CT|Yale-JC0587|2018,,,,,,,,,
4,,,,,,,,,,CT|Yale-JC0334|2009,,,,,,,,,
4,,,,,,,,,,CT|Yale-JC0332|2009,,,,,,,,,
4,,,,,,,,,,CT|Yale-JC0384|2011,,,,,,,,,
4,,,,,,,,,,CT|Yale-JC0333|2009,,,,,,,,,
4,,,,,,,,,,CT|Yale-JC0034|2000,,,,,,,,,
4,,,,,,,,,,CT|Yale-JC0054|2001,,,,,,,,,
4,,,,,,,,,,CT|Yale-JC0238|2006,,,,,,,,,
4,,,,,,,,,,CT|Yale-JC0244|2006,,,,,,,,,
4,,,,,,,,,,CT|Yale-JC0245|2006,,,,,,,,,
4,,,,,,,,,,CT|Yale-JC0259|2007,,,,,,,,,
4,,,,,,,,,,MA|Yale-JC0782|2023,,,,,,,,,
4,,,,,,,,,,MA|Yale-JC0783|2023,,,,,,,,,
4,,,,,,,,,,CT|Yale-JC0179|2005,,,,,,,,,
4,,,,,,,,,,CT|Yale-JC0582|2018,,,,,,,,,
4,,,,,,,,,,CT|Yale-JC0646|2021,,,,,,,,,
4,,,,,,,,,,CT|Yale-JC0647|2021,,,,,,,,,
4,,,,,,,,,,CT|Yale-JC0028|2000,,,,,,,,,
4,,,,,,,,,,CT|Yale-JC0037|2000,,,,,,,,,
4,,,,,,,,,,CT|Yale-JC0030|2000,,,,,,,,,
4,,,,,,,,,,CT|Yale-JC0588|2018,,,,,,,,,
4,,,,,,,,,,CT|Yale-JC0525|2016,,,,,,,,,
4,,,,,,,,,,CT|Yale-JC0533.1|2017,,,,,,,,,
4,,,,,,,,,,CT|Yale-JC0019|1999,,,,,,,,,
4,,,,,,,,,,CT|Yale-JC0020|1999,,,,,,,,,
4,,,,,,,,,,CT|Yale-JC0059|2002,,,,,,,,,
4,,,,,,,,,,CT|Yale-JC0099|2003,,,,,,,,,
4,,,,,,,,,,CT|Yale-JC0231|2006,,,,,,,,,
4,,,,,,,,,,CT|Yale-JC0237|2006,,,,,,,,,
4,,,,,,,,,,CT|Yale-JC0112|2003,,,,,,,,,
4,,,,,,,,,,CT|Yale-JC0113|2003,,,,,,,,,
4,,,,,,,,,,CT|Yale-JC0100|2003,,,,,,,,,
4,,,,,,,,,,CT|Yale-JC0111|2003,,,,,,,,,
4,,,,,,,,,,CT|Yale-JC0236|2006,,,,,,,,,
4,,,,,,,,,,ND|Yale-JC0129.1|2003,,,,,,,,,
4,,,,,,,,,,CT|Yale-JC0633|2020,,,,,,,,,
4,,,,,,,,,,CT|Yale-JC0170|2005,,,,,,,,,
4,,,,,,,,,,CT|Yale-JC0288|2007,,,,,,,,,
4,,,,,,,,,,CT|Yale-JC0376|2010,,,,,,,,,
4,,,,,,,,,,CT|Yale-JC0377|2010,,,,,,,,,
4,,,,,,,,,,CT|Yale-JC0289|2007,,,,,,,,,
4,,,,,,,,,,CT|Yale-JC0183|2005,,,,,,,,,
4,,,,,,,,,,CT|Yale-JC0234|2006,,,,,,,,,
4,,,,,,,,,,CT|Yale-JC0240|2006,,,,,,,,,
4,,,,,,,,,,CT|Yale-JC0433|2011,,,,,,,,,
4,,,,,,,,,,CT|Yale-JC0502|2015,,,,,,,,,
4,,,,,,,,,,CT|Yale-JC0560|2018,,,,,,,,,
4,,,,,,,,,,CT|Yale-JC0551|2017,,,,,,,,,
4,,,,,,,,,,NY|JC08|2007,,,,,,,,,
4,,,,,,,,,,NY|JC02|2003,,,,,,,,,
4,,,,,,,,,,NY|JC17|2011,,,,,,,,,
4,,,,,,,,,,NY|Yale-JC0718.1|2014,,,,,,,,,
4,,,,,,,,,,NY|Yale-JC0719|2014,,,,,,,,,
4,,,,,,,,,,CT|Yale-JC0513|2016,,,,,,,,,
4,,,,,,,,,,CT|Yale-JC0515|2016,,,,,,,,,
4,,,,,,,,,,CT|Yale-JC0516|2016,,,,,,,,,
4,,,,,,,,,,NY|JC32|2019,,,,,,,,,
4,,,,,,,,,,CT|Yale-JC0526|2016,,,,,,,,,
4,,,,,,,,,,NY|Yale-JC0672|2008,,,,,,,,,
4,,,,,,,,,,CT|Yale-JC0654|2021,,,,,,,,,
4,,,,,,,,,,CT|Yale-JC0055|2002,,,,,,,,,
4,,,,,,,,,,CT|Yale-JC0063|2002,,,,,,,,,
4,,,,,,,,,,CT|Yale-JC0172|2005,,,,,,,,,
4,,,,,,,,,,CT|Yale-JC0071|2002,,,,,,,,,
4,,,,,,,,,,CT|Yale-JC0249|2006,,,,,,,,,
4,,,,,,,,,,CT|Yale-JC0609|2019,,,,,,,,,
4,,,,,,,,,,CT|Yale-JC0361|2010,,,,,,,,,
4,,,,,,,,,,CT|Yale-JC0497|2015,,,,,,,,,
4,,,,,,,,,,CT|Yale-JC0542|2017,,,,,,,,,
4,,,,,,,,,,NY|Yale-JC0764|2022,,,,,,,,,
4,,,,,,,,,,CT|Yale-JC0167|2005,,,,,,,,,
4,,,,,,,,,,CT|Yale-JC0013|1998,,,,,,,,,
4,,,,,,,,,,CT|Yale-JC0101|2003,,,,,,,,,
4,,,,,,,,,,CT|Yale-JC0442|2012,,,,,,,,,
4,,,,,,,,,,CT|Yale-JC0116|2003,,,,,,,,,
4,,,,,,,,,,CT|Yale-JC0396|2011,,,,,,,,,
4,,,,,,,,,,CT|Yale-JC0375|2010,,,,,,,,,
4,,,,,,,,,,CT|Yale-JC0031|2000,,,,,,,,,
4,,,,,,,,,,CT|Yale-JC0040|2000,,,,,,,,,
4,,,,,,,,,,CT|Yale-JC0080|2003,,,,,,,,,
4,,,,,,,,,,CT|Yale-JC0134|2003,,,,,,,,,
4,,,,,,,,,,CT|Yale-JC0058.1|2002,,,,,,,,,
4,,,,,,,,,,CT|Yale-JC0429|2011,,,,,,,,,
4,,,,,,,,,,CT|Yale-JC0444|2012,,,,,,,,,
4,,,,,,,,,,CT|Yale-JC0114|2003,,,,,,,,,
4,,,,,,,,,,CT|Yale-JC0285|2007,,,,,,,,,
4,,,,,,,,,,CT|Yale-JC0390|2011,,,,,,,,,
4,,,,,,,,,,CT|Yale-JC0440|2012,,,,,,,,,
4,,,,,,,,,,CT|Yale-JC0544|2017,,,,,,,,,
4,,,,,,,,,,CT|Yale-JC0545|2017,,,,,,,,,
4,,,,,,,,,,CT|Yale-JC0546|2017,,,,,,,,,
4,,,,,,,,,,CT|Yale-JC0347|2009,,,,,,,,,
4,,,,,,,,,,CT|Yale-JC0592|2018,,,,,,,,,
4,,,,,,,,,,CT|Yale-JC0137|2003,,,,,,,,,
4,,,,,,,,,,CT|Yale-JC0294|2007,,,,,,,,,
4,,,,,,,,,,CT|Yale-JC0307|2008,,,,,,,,,
4,,,,,,,,,,CT|Yale-JC0360|2010,,,,,,,,,
4,,,,,,,,,,CT|Yale-JC0470|2014,,,,,,,,,
4,,,,,,,,,,CT|Yale-JC0487|2014,,,,,,,,,
4,,,,,,,,,,CT|Yale-JC0495|2015,,,,,,,,,
4,,,,,,,,,,CT|Yale-JC0494|2015,,,,,,,,,
4,,,,,,,,,,CT|Yale-JC0493|2015,,,,,,,,,
4,,,,,,,,,,CT|Yale-JC0520|2016,,,,,,,,,
4,,,,,,,,,,CT|Yale-JC0507|2016,,,,,,,,,
4,,,,,,,,,,CT|Yale-JC0656|2022,,,,,,,,,
4,,,,,,,,,,CT|Yale-JC0658|2022,,,,,,,,,
4,,,,,,,,,,CT|Yale-JC0456|2013,,,,,,,,,
4,,,,,,,,,,CT|Yale-JC0457|2013,,,,,,,,,
4,,,,,,,,,,CT|Yale-JC0559|2018,,,,,,,,,
4,,,,,,,,,,CT|Yale-JC0605|2019,,,,,,,,,
4,,,,,,,,,,CT|Yale-JC0615|2019,,,,,,,,,
4,,,,,,,,,,CT|Yale-JC0263|2007,,,,,,,,,
4,,,,,,,,,,CT|Yale-JC0264|2007,,,,,,,,,
4,,,,,,,,,,CT|Yale-JC0265|2007,,,,,,,,,
4,,,,,,,,,,CT|Yale-JC0274|2007,,,,,,,,,
4,,,,,,,,,,CT|Yale-JC0275|2007,,,,,,,,,
4,,,,,,,,,,CT|Yale-JC0276|2007,,,,,,,,,
4,,,,,,,,,,CT|Yale-JC0277|2007,,,,,,,,,
4,,,,,,,,,,CT|Yale-JC0364|2010,,,,,,,,,
4,,,,,,,,,,CT|Yale-JC0278|2007,,,,,,,,,
4,,,,,,,,,,CT|Yale-JC0630|2020,,,,,,,,,
4,,,,,,,,,,CT|Yale-JC0611|2019,,,,,,,,,
4,,,,,,,,,,CT|Yale-JC0505|2016,,,,,,,,,
4,,,,,,,,,,CT|Yale-JC0566|2018,,,,,,,,,
4,,,,,,,,,,CT|Yale-JC0538|2017,,,,,,,,,
4,,,,,,,,,,CT|Yale-JC0351|2009,,,,,,,,,
4,,,,,,,,,,CT|Yale-JC0254|2006,,,,,,,,,
4,,,,,,,,,,CT|Yale-JC0316|2008,,,,,,,,,
4,,,,,,,,,,CT|Yale-JC0413|2011,,,,,,,,,
4,,,,,,,,,,ND|Yale-JC0122|2003,,,,,,,,,
4,,,,,,,,,,CT|Yale-JC0115|2003,,,,,,,,,
4,,,,,,,,,,CT|Yale-JC0243|2006,,,,,,,,,
4,,,,,,,,,,CT|Yale-JC0232|2006,,,,,,,,,
4,,,,,,,,,,CT|Yale-JC0476|2014,,,,,,,,,
4,,,,,,,,,,CT|Yale-JC0550|2017,,,,,,,,,
4,,,,,,,,,,CT|Yale-JC0266|2007,,,,,,,,,
4,,,,,,,,,,CT|Yale-JC0306|2008,,,,,,,,,
4,,,,,,,,,,CT|Yale-JC0284|2007,,,,,,,,,
4,,,,,,,,,,CT|Yale-JC0441|2012,,,,,,,,,
4,,,,,,,,,,CT|Yale-JC0478|2014,,,,,,,,,
4,,,,,,,,,,CT|Yale-JC0565|2018,,,,,,,,,
4,,,,,,,,,,CT|Yale-JC0242|2006,,,,,,,,,
4,,,,,,,,,,CT|Yale-JC0296|2007,,,,,,,,,
4,,,,,,,,,,CT|Yale-JC0403|2011,,,,,,,,,
4,,,,,,,,,,CT|Yale-JC0349|2009,,,,,,,,,
4,,,,,,,,,,CT|Yale-JC0322|2009,,,,,,,,,
4,,,,,,,,,,CT|Yale-JC0462|2013,,,,,,,,,
4,,,,,,,,,,CT|Yale-JC0479|2014,,,,,,,,,
4,,,,,,,,,,CT|Yale-JC0567|2018,,,,,,,,,
4,,,,,,,,,,CT|Yale-JC0432|2011,,,,,,,,,
4,,,,,,,,,,CT|Yale-JC0580|2018,,,,,,,,,
4,,,,,,,,,,CT|Yale-JC0604.1|2019,,,,,,,,,
4,,,,,,,,,,CT|Yale-JC0606|2019,,,,,,,,,
4,,,,,,,,,,CT|Yale-JC607.1|2019,,,,,,,,,
4,,,,,,,,,,CT|Yale-JC0474|2014,,,,,,,,,
4,,,,,,,,,,CT|Yale-JC0488|2014,,,,,,,,,
4,,,,,,,,,,CT|Yale-JC0504|2016,,,,,,,,,
4,,,,,,,,,,CT|Yale-JC0555|2018,,,,,,,,,
4,,,,,,,,,,CT|Yale-JC0575|2018,,,,,,,,,
4,,,,,,,,,,CT|Yale-JC0614|2019,,,,,,,,,
4,,,,,,,,,,CT|Yale-JC0591|2018,,,,,,,,,
4,,,,,,,,,,NY|Yale-JC0761|2022,,,,,,,,,
4,,,,,,,,,,CT|Yale-JC0492|2015,,,,,,,,,
4,,,,,,,,,,CT|Yale-JC0465|2013,,,,,,,,,
4,,,,,,,,,,CT|Yale-JC0251|2006,,,,,,,,,
4,,,,,,,,,,CT|Yale-JC0143|2003,,,,,,,,,
4,,,,,,,,,,CT|Yale-JC0149|2004,,,,,,,,,
4,,,,,,,,,,CT|Yale-JC0374|2010,,,,,,,,,
4,,,,,,,,,,ND|Yale-JC0157|2004,,,,,,,,,
4,,,,,,,,,,CT|Yale-JC0427|2011,,,,,,,,,
4,,,,,,,,,,CT|Yale-JC0357|2009,,,,,,,,,
4,,,,,,,,,,CT|Yale-JC0358|2009,,,,,,,,,
4,,,,,,,,,,CT|Yale-JC0484|2014,,,,,,,,,
4,,,,,,,,,,CT|Yale-JC0660|2022,,,,,,,,,
4,,,,,,,,,,CT|Yale-JC0323|2009,,,,,,,,,
4,,,,,,,,,,CT|Yale-JC0331|2009,,,,,,,,,
4,,,,,,,,,,NY|JC15|2010,,,,,,,,,
4,,,,,,,,,,CT|Yale-JC0365|2010,,,,,,,,,
4,,,,,,,,,,CT|Yale-JC0366|2010,,,,,,,,,
4,,,,,,,,,,CT|Yale-JC0368.1|2010,,,,,,,,,
4,,,,,,,,,,CT|Yale-JC0369.1|2010,,,,,,,,,
4,,,,,,,,,,CT|Yale-JC0370.1|2010,,,,,,,,,
4,,,,,,,,,,CT|Yale-JC0367|2010,,,,,,,,,
4,,,,,,,,,,CT|Yale-JC0541|2017,,,,,,,,,
4,,,,,,,,,,CT|Yale-JC0032|2000,,,,,,,,,
4,,,,,,,,,,CT|Yale-JC0014|1999,,,,,,,,,
4,,,,,,,,,,CT|Yale-JC0022|1999,,,,,,,,,
4,,,,,,,,,,CT|Yale-JC0076|2003,,,,,,,,,
4,,,,,,,,,,ND|Yale-JC0131|2003,,,,,,,,,
4,,,,,,,,,,CT|Yale-JC0073.1|2003,,,,,,,,,
4,,,,,,,,,,CT|Yale-JC0077.1|2003,,,,,,,,,
4,,,,,,,,,,CT|Yale-JC0246|2006,,,,,,,,,
4,,,,,,,,,,CT|Yale-JC0248|2006,,,,,,,,,
4,,,,,,,,,,CT|Yale-JC0247|2006,,,,,,,,,
4,,,,,,,,,,CT|Yale-JC0313|2008,,,,,,,,,
4,,,,,,,,,,CT|Yale-JC0314|2008,,,,,,,,,
4,,,,,,,,,,CT|Yale-JC0362|2010,,,,,,,,,
4,,,,,,,,,,ND|Yale-JC0130|2003,,,,,,,,,
4,,,,,,,,,,CT|Yale-JC0057|2002,,,,,,,,,
4,,,,,,,,,,CT|Yale-JC0613|2019,,,,,,,,,
4,,,,,,,,,,CT|Yale-JC0337.1|2009,,,,,,,,,
4,,,,,,,,,,CT|Yale-JC0511|2016,,,,,,,,,
4,,,,,,,,,,CT|Yale-JC0342|2009,,,,,,,,,
4,,,,,,,,,,CT|Yale-JC0279|2007,,,,,,,,,
4,,,,,,,,,,CT|Yale-JC0309|2008,,,,,,,,,
4,,,,,,,,,,CT|Yale-JC0436|2011,,,,,,,,,
4,,,,,,,,,,CT|Yale-JC0519|2016,,,,,,,,,
4,,,,,,,,,,CT|Yale-JC0638.1|2021,,,,,,,,,
4,,,,,,,,,,CT|Yale-JC0326|2009,,,,,,,,,
4,,,,,,,,,,CT|Yale-JC0327|2009,,,,,,,,,
4,,,,,,,,,,CT|Yale-JC0356|2009,,,,,,,,,
4,,,,,,,,,,CT|Yale-JC0623|2019,,,,,,,,,
4,,,,,,,,,,CT|Yale-JC0109|2003,,,,,,,,,
4,,,,,,,,,,CT|Yale-JC0431|2011,,,,,,,,,
4,,,,,,,,,,CT|Yale-JC0662|2022,,,,,,,,,
4,,,,,,,,,,CT|Yale-JC0428|2011,,,,,,,,,
4,,,,,,,,,,CT|Yale-JC0568|2018,,,,,,,,,
4,,,,,,,,,,CT|Yale-JC0624|2019,,,,,,,,,
4,,,,,,,,,,CT|Yale-JC0146|2004,,,,,,,,,
4,,,,,,,,,,CT|Yale-JC0147|2004,,,,,,,,,
4,,,,,,,,,,CT|Yale-JC0148|2004,,,,,,,,,
4,,,,,,,,,,CT|Yale-JC0178|2005,,,,,,,,,
4,,,,,,,,,,CT|Yale-JC0301|2008,,,,,,,,,
4,,,,,,,,,,CT|Yale-JC0308|2008,,,,,,,,,
4,,,,,,,,,,CT|Yale-JC0315|2008,,,,,,,,,
4,,,,,,,,,,CT|Yale-JC0341|2009,,,,,,,,,
4,,,,,,,,,,CT|Yale-JC0411|2011,,,,,,,,,
4,,,,,,,,,,NY|Yale-JC0675|2008,,,,,,,,,
4,,,,,,,,,,CT|Yale-JC0594|2018,,,,,,,,,
4,,,,,,,,,,CT|Yale-JC0596|2018,,,,,,,,,
4,,,,,,,,,,CT|Yale-JC0600|2018,,,,,,,,,
4,,,,,,,,,,CT|Yale-JC0597|2018,,,,,,,,,
4,,,,,,,,,,CT|Yale-JC0595|2018,,,,,,,,,
4,,,,,,,,,,NY|Yale-JC0747|2020,,,,,,,,,
4,,,,,,,,,,NY|Yale-JC0765|2022,,,,,,,,,
4,,,,,,,,,,CT|Yale-JC0439|2011,,,,,,,,,
4,,,,,,,,,,CT|Yale-JC0635|2020,,,,,,,,,
4,,,,,,,,,,CT|Yale-JC0608|2019,,,,,,,,,
4,,,,,,,,,,NY|Yale-JC0682|2009,,,,,,,,,
4,,,,,,,,,,NY|Yale-JC0755|2021,,,,,,,,,
4,,,,,,,,,,NY|Yale-JC0753|2021,,,,,,,,,
4,,,,,,,,,,NY|JC22|2014,,,,,,,,,
4,,,,,,,,,,CT|Yale-JC0612|2019,,,,,,,,,
4,,,,,,,,,,CT|Yale-JC0648|2021,,,,,,,,,
4,,,,,,,,,,NY|Yale-JC0702|2012,,,,,,,,,
4,,,,,,,,,,NY|JC05|2004,,,,,,,,,
4,,,,,,,,,,NY|JC07|2006,,,,,,,,,
4,,,,,,,,,,NY|JC21|2013,,,,,,,,,
4,,,,,,,,,,NY|Yale-JC0669|2008,,,,,,,,,
4,,,,,,,,,,NY|Yale-JC0698|2012,,,,,,,,,
4,,,,,,,,,,NY|Yale-JC0728|2017,,,,,,,,,
4,,,,,,,,,,NY|Yale-JC0732|2019,,,,,,,,,
4,,,,,,,,,,NY|Yale-JC0720|2015,,,,,,,,,
4,,,,,,,,,,NY|Yale-JC0697|2012,,,,,,,,,
4,,,,,,,,,,NY|Yale-JC0710|2014,,,,,,,,,
4,,,,,,,,,,NY|Yale-JC0727|2018,,,,,,,,,
4,,,,,,,,,,NY|Yale-JC0711|2014,,,,,,,,,
4,,,,,,,,,,NY|Yale-JC0734|2019,,,,,,,,,
4,,,,,,,,,,NY|Yale-JC0760|2022,,,,,,,,,
4,,,,,,,,,,NY|Yale-JC0746.1|2020,,,,,,,,,
4,,,,,,,,,,NY|Yale-JC0750|2020,,,,,,,,,
4,,,,,,,,,,NY|Yale-JC0726|2018,,,,,,,,,
4,,,,,,,,,,NY|Yale-JC0736|2019,,,,,,,,,
4,,,,,,,,,,NY|Yale-JC0730|2018,,,,,,,,,
4,,,,,,,,,,NY|Yale-JC0696|2012,,,,,,,,,
4,,,,,,,,,,NY|Yale-JC0733|2019,,,,,,,,,
4,,,,,,,,,,NY|JC18|2012,,,,,,,,,
4,,,,,,,,,,NY|Yale-JC0762|2022,,,,,,,,,
4,,,,,,,,,,NY|JC060|2022,,,,,,,,,
4,,,,,,,,,,NY|JC333|2022,,,,,,,,,
4,,,,,,,,,,NY|Yale-JC0665|2007,,,,,,,,,
4,,,,,,,,,,NY|Yale-JC0671|2008,,,,,,,,,
4,,,,,,,,,,NY|Yale-JC0673|2008,,,,,,,,,
4,,,,,,,,,,NY|Yale-JC0712|2014,,,,,,,,,
4,,,,,,,,,,NY|Yale-JC0756|2021,,,,,,,,,
4,,,,,,,,,,NY|Yale-JC0703|2012,,,,,,,,,
4,,,,,,,,,,NY|JC23|2014,,,,,,,,,
4,,,,,,,,,,NY|Yale-JC0749|2020,,,,,,,,,
4,,,,,,,,,,NY|Yale-JC0757|2021,,,,,,,,,
4,,,,,,,,,,NY|Yale-JC0692|2011,,,,,,,,,
4,,,,,,,,,,NY|Yale-JC0693|2011,,,,,,,,,
4,,,,,,,,,,NY|Yale-JC0767|2013,,,,,,,,,
4,,,,,,,,,,NY|Yale-JC0748.1|2020,,,,,,,,,
4,,,,,,,,,,NY|Yale-JC0681|2009,,,,,,,,,
4,,,,,,,,,,NY|Yale-JC0754|2021,,,,,,,,,
4,,,,,,,,,,NY|JC06|2005,,,,,,,,,
4,,,,,,,,,,NY|JC25|2015,,,,,,,,,
4,,,,,,,,,,NY|JC33|2019,,,,,,,,,
4,,,,,,,,,,NY|JC27|2016,,,,,,,,,
4,,,,,,,,,,NY|JC19|2012,,,,,,,,,
4,,,,,,,,,,NY|JC31|2018,,,,,,,,,
4,,,,,,,,,,NY|JC12|2009,,,,,,,,,
4,,,,,,,,,,NY|JC14|2010,,,,,,,,,
4,,,,,,,,,,NY|Yale-JC0694|2012,,,,,,,,,
4,,,,,,,,,,NY|Yale-JC0695|2012,,,,,,,,,
4,,,,,,,,,,NY|Yale-JC0771|2012,,,,,,,,,
4,,,,,,,,,,NY|Yale-JC0678|2009,,,,,,,,,
4,,,,,,,,,,NY|Yale-JC0680|2009,,,,,,,,,
4,,,,,,,,,,NY|Yale-JC0725|2018,,,,,,,,,
4,,,,,,,,,,NY|Yale-JC0716|2015,,,,,,,,,
4,,,,,,,,,,NY|Yale-JC0707|2014,,,,,,,,,
4,,,,,,,,,,NY|Yale-JC0743.1|2020,,,,,,,,,
4,,,,,,,,,,NY|Yale-JC0676|2009,,,,,,,,,
4,,,,,,,,,,NY|Yale-JC0677|2009,,,,,,,,,
4,,,,,,,,,,NY|Yale-JC0700|2012,,,,,,,,,
4,,,,,,,,,,NY|Yale-JC0763|2022,,,,,,,,,
4,,,,,,,,,,PA|Yale-JC0813|2023,,,,,,,,,
4,,,,,,,,,,NY|Yale-JC0706|2014,,,,,,,,,
4,,,,,,,,,,NY|Yale-JC0722|2018,,,,,,,,,
4,,,,,,,,,,NY|Yale-JC0715|2015,,,,,,,,,
4,,,,,,,,,,NY|Yale-JC0684|2020,,,,,,,,,
4,,,,,,,,,,NY|Yale-JC0737|2020,,,,,,,,,
4,,,,,,,,,,NY|Yale-JC0742|2020,,,,,,,,,
4,,,,,,,,,,NY|Yale-JC0705|2014,,,,,,,,,
4,,,,,,,,,,NY|JC26|2016,,,,,,,,,
4,,,,,,,,,,NY|Yale-JC0666|2008,,,,,,,,,
4,,,,,,,,,,NY|Yale-JC0667|2008,,,,,,,,,
4,,,,,,,,,,NY|Yale-JC0679|2009,,,,,,,,,
4,,,,,,,,,,NY|Yale-JC0687|2010,,,,,,,,,
4,,,,,,,,,,NY|Yale-JC0688|2010,,,,,,,,,
4,,,,,,,,,,NY|Yale-JC0689|2010,,,,,,,,,
4,,,,,,,,,,NY|Yale-JC0690|2011,,,,,,,,,
4,,,,,,,,,,NY|Yale-JC0769|2012,,,,,,,,,
4,,,,,,,,,,NY|Yale-JC0708|2014,,,,,,,,,
4,,,,,,,,,,NY|Yale-JC0709|2014,,,,,,,,,
4,,,,,,,,,,NY|Yale-JC0744|2020,,,,,,,,,
4,,,,,,,,,,NY|Yale-JC0766|2020,,,,,,,,,
4,,,,,,,,,,NY|Yale-JC0745|2013,,,,,,,,,
4,,,,,,,,,,NY|JC28|2017,,,,,,,,,
4,,,,,,,,,,NY|Yale-JC0701|2012,,,,,,,,,
4,,,,,,,,,,NY|Yale-JC0758|2022,,,,,,,,,
,,,,,,,,,,,,,,,,,,,
5,5,6244,7720,6217,7693,6216,7692,CT|Yale-JC0529|2017,NY|Yale-JC0768|2017,CT|Yale-JC0343|2009,4.62E-84,7.66E-73,1.72E-81,2.85E-29,3.68E-24,1.22E-36,NS,NS,4.45E-66
5,,,,,,,,,CT|Yale-JC0537.1|2017,CT|Yale-JC0001|1966,,,,,,,,,
5,,,,,,,,,NY|JC29|2017,CT|Yale-JC0445|2012,,,,,,,,,
5,,,,,,,,,,CT|Yale-JC0455|2013,,,,,,,,,
5,,,,,,,,,,CT|Yale-JC0469|2014,,,,,,,,,
5,,,,,,,,,,CT|Yale-JC0536.1|2017,,,,,,,,,
5,,,,,,,,,,CT|Yale-JC0572|2018,,,,,,,,,
5,,,,,,,,,,CT|Yale-JC0486|2014,,,,,,,,,
5,,,,,,,,,,CT|Yale-JC0571|2018,,,,,,,,,
5,,,,,,,,,,CT|Yale-JC0641|2021,,,,,,,,,
5,,,,,,,,,,CT|Yale-JC0104|2003,,,,,,,,,
5,,,,,,,,,,CT|Yale-JC0105|2003,,,,,,,,,
5,,,,,,,,,,CT|Yale-JC0373|2010,,,,,,,,,
5,,,,,,,,,,CT|Yale-JC0381|2011,,,,,,,,,
5,,,,,,,,,,CT|Yale-JC0500|2015,,,,,,,,,
5,,,,,,,,,,MA|Yale-JC0779|2023,,,,,,,,,
5,,,,,,,,,,CT|Yale-JC0454|2013,,,,,,,,,
5,,,,,,,,,,CT|Yale-JC0005|1997,,,,,,,,,
5,,,,,,,,,,CT|Yale-JC0011.1|1998,,,,,,,,,
5,,,,,,,,,,CT|Yale-JC0027|2000,,,,,,,,,
5,,,,,,,,,,CT|Yale-JC0139|2003,,,,,,,,,
5,,,,,,,,,,CT|Yale-JC0329|2009,,,,,,,,,
5,,,,,,,,,,CT|Yale-JC0603|2019,,,,,,,,,
5,,,,,,,,,,CT|Yale-JC0629|2020,,,,,,,,,
5,,,,,,,,,,CT|Yale-JC0557|2018,,,,,,,,,
5,,,,,,,,,,CT|Yale-JC0065|2002,,,,,,,,,
5,,,,,,,,,,CT|Yale-JC0338|2009,,,,,,,,,
5,,,,,,,,,,CT|Yale-JC0283|2007,,,,,,,,,
5,,,,,,,,,,CT|Yale-JC0305|2008,,,,,,,,,
5,,,,,,,,,,CT|Yale-JC0518|2016,,,,,,,,,
5,,,,,,,,,,CT|Yale-JC0657|2022,,,,,,,,,
5,,,,,,,,,,CT|Yale-JC0067|2002,,,,,,,,,
5,,,,,,,,,,CT|Yale-JC0081|2003,,,,,,,,,
5,,,,,,,,,,CT|Yale-JC0174|2005,,,,,,,,,
5,,,,,,,,,,CT|Yale-JC0175|2005,,,,,,,,,
5,,,,,,,,,,CT|Yale-JC0498|2015,,,,,,,,,
5,,,,,,,,,,CT|Yale-JC0038|2000,,,,,,,,,
5,,,,,,,,,,CT|Yale-JC0107|2003,,,,,,,,,
5,,,,,,,,,,CT|Yale-JC0430|2011,,,,,,,,,
5,,,,,,,,,,CT|Yale-JC0553|2017,,,,,,,,,
5,,,,,,,,,,CT|Yale-JC0652|2021,,,,,,,,,
5,,,,,,,,,,CT|Yale-JC0262|2007,,,,,,,,,
5,,,,,,,,,,CT|Yale-JC0549.1|2017,,,,,,,,,
5,,,,,,,,,,CT|Yale-JC0589|2018,,,,,,,,,
5,,,,,,,,,,CT|Yale-JC0489|2014,,,,,,,,,
5,,,,,,,,,,CT|Yale-JC0271|2007,,,,,,,,,
5,,,,,,,,,,CT|Yale-JC0272|2007,,,,,,,,,
5,,,,,,,,,,CT|Yale-JC0061|2002,,,,,,,,,
5,,,,,,,,,,CT|Yale-JC0261|2007,,,,,,,,,
5,,,,,,,,,,CT|Yale-JC0416|2011,,,,,,,,,
5,,,,,,,,,,CT|Yale-JC0434|2011,,,,,,,,,
5,,,,,,,,,,CT|Yale-JC0378|2010,,,,,,,,,
5,,,,,,,,,,CT|Yale-JC0410|2011,,,,,,,,,
5,,,,,,,,,,CT|Yale-JC0643|2021,,,,,,,,,
5,,,,,,,,,,CT|Yale-JC0295|2007,,,,,,,,,
5,,,,,,,,,,CT|Yale-JC0006|1997,,,,,,,,,
5,,,,,,,,,,CT|Yale-JC0136|2003,,,,,,,,,
5,,,,,,,,,,CT|Yale-JC0415|2011,,,,,,,,,
5,,,,,,,,,,CT|Yale-JC0593|2018,,,,,,,,,
5,,,,,,,,,,CT|Yale-JC0649|2021,,,,,,,,,
5,,,,,,,,,,CT|Yale-JC0144|2004,,,,,,,,,
5,,,,,,,,,,CT|Yale-JC0035|2000,,,,,,,,,
5,,,,,,,,,,CT|Yale-JC0287|2007,,,,,,,,,
5,,,,,,,,,,CT|Yale-JC0421|2011,,,,,,,,,
5,,,,,,,,,,CT|Yale-JC0530.1|2017,,,,,,,,,
5,,,,,,,,,,CT|Yale-JC0438|2011,,,,,,,,,
5,,,,,,,,,,CT|Yale-JC0007|1998,,,,,,,,,
5,,,,,,,,,,CT|Yale-JC0046|2000,,,,,,,,,
5,,,,,,,,,,CT|Yale-JC0311|2008,,,,,,,,,
5,,,,,,,,,,CT|Yale-JC0458|2013,,,,,,,,,
5,,,,,,,,,,CT|Yale-JC0317|2008,,,,,,,,,
5,,,,,,,,,,CT|Yale-JC0321|2009,,,,,,,,,
5,,,,,,,,,,CT|Yale-JC0543|2017,,,,,,,,,
5,,,,,,,,,,CT|Yale-JC0009|1998,,,,,,,,,
5,,,,,,,,,,CT|Yale-JC0339|2009,,,,,,,,,
5,,,,,,,,,,CT|Yale-JC0353|2009,,,,,,,,,
5,,,,,,,,,,CT|Yale-JC0387|2011,,,,,,,,,
5,,,,,,,,,,CT|Yale-JC0024|2000,,,,,,,,,
5,,,,,,,,,,ND|Yale-JC0138|2003,,,,,,,,,
5,,,,,,,,,,CT|Yale-JC0558|2018,,,,,,,,,
5,,,,,,,,,,CT|Yale-JC0089|2003,,,,,,,,,
5,,,,,,,,,,CT|Yale-JC0535.1|2017,,,,,,,,,
5,,,,,,,,,,CT|Yale-JC0562|2018,,,,,,,,,
5,,,,,,,,,,CT|Yale-JC0506|2016,,,,,,,,,
5,,,,,,,,,,CT|Yale-JC0417|2011,,,,,,,,,
5,,,,,,,,,,CT|Yale-JC0418|2011,,,,,,,,,
5,,,,,,,,,,CT|Yale-JC0517|2016,,,,,,,,,
5,,,,,,,,,,CT|Yale-JC0581|2018,,,,,,,,,
5,,,,,,,,,,CT|Yale-JC0636|2020,,,,,,,,,
5,,,,,,,,,,CT|Yale-JC0286|2007,,,,,,,,,
5,,,,,,,,,,CT|Yale-JC0447|2012,,,,,,,,,
5,,,,,,,,,,CT|Yale-JC0052|2001,,,,,,,,,
5,,,,,,,,,,CT|Yale-JC0324|2009,,,,,,,,,
5,,,,,,,,,,CT|Yale-JC0267|2007,,,,,,,,,
5,,,,,,,,,,CT|Yale-JC0268|2007,,,,,,,,,
5,,,,,,,,,,CT|Yale-JC0610.1|2019,,,,,,,,,
5,,,,,,,,,,CT|Yale-JC0291|2007,,,,,,,,,
5,,,,,,,,,,CT|Yale-JC0292|2007,,,,,,,,,
5,,,,,,,,,,CT|Yale-JC0473|2014,,,,,,,,,
5,,,,,,,,,,CT|Yale-JC0459|2013,,,,,,,,,
5,,,,,,,,,,CT|Yale-JC0066|2002,,,,,,,,,
5,,,,,,,,,,CT|Yale-JC0233|2006,,,,,,,,,
5,,,,,,,,,,CT|Yale-JC0042|2000,,,,,,,,,
5,,,,,,,,,,CT|Yale-JC0348|2009,,,,,,,,,
5,,,,,,,,,,CT|Yale-JC0352|2009,,,,,,,,,
5,,,,,,,,,,ND|Yale-JC0156|2004,,,,,,,,,
5,,,,,,,,,,CT|Yale-JC0414|2011,,,,,,,,,
5,,,,,,,,,,ND|Yale-JC0186|2005,,,,,,,,,
5,,,,,,,,,,CT|Yale-JC0189|2005,,,,,,,,,
5,,,,,,,,,,CT|Yale-JC0391|2011,,,,,,,,,
5,,,,,,,,,,CT|Yale-JC0547|2017,,,,,,,,,
5,,,,,,,,,,MA|Yale-JC0784|2023,,,,,,,,,
5,,,,,,,,,,NY|JC278|2022,,,,,,,,,
5,,,,,,,,,,CT|Yale-JC0078|2003,,,,,,,,,
5,,,,,,,,,,CT|Yale-JC0084|2003,,,,,,,,,
5,,,,,,,,,,MA|MN135990.1|2016-06,,,,,,,,,
5,,,,,,,,,,CT|Yale-JC0527|2016,,,,,,,,,
5,,,,,,,,,,CT|Yale-JC0325|2009,,,,,,,,,
5,,,,,,,,,,CT|Yale-JC0002|1992,,,,,,,,,
5,,,,,,,,,,CT|Yale-JC0616|2019,,,,,,,,,
5,,,,,,,,,,CT|Yale-JC0644|2021,,,,,,,,,
5,,,,,,,,,,CT|Yale-JC0328|2009,,,,,,,,,
5,,,,,,,,,,CT|Yale-JC0085.1|2003,,,,,,,,,
5,,,,,,,,,,CT|Yale-JC0524|2016,,,,,,,,,
5,,,,,,,,,,CT|Yale-JC0345|2009,,,,,,,,,
5,,,,,,,,,,CT|Yale-JC0483|2014,,,,,,,,,
5,,,,,,,,,,CT|Yale-JC0346|2009,,,,,,,,,
5,,,,,,,,,,CT|Yale-JC0108|2003,,,,,,,,,
,,,,,,,,,,,,,,,,,,,
6,6,11902,1653,11875,1629,11874,1628,CT|Yale-JC0529|2017,NY|Yale-JC0768|2017,CT|Yale-JC0348|2009,NS,NS,NS,NS,NS,NS,NS,NS,NS
,,,,,,,,,,,,,,,,,,,
7,7,8346,9052,8319,9025,8318,9024,CT|Yale-JC0529|2017,NY|Yale-JC0768|2017,CT|Yale-JC0078|2003,1.29E-92,1.06E-90,1.33E-87,8.32E-17,1.18E-16,6.65E-26,NS,NS,5.91E-44
7,,,,,,,,,NY|JC29|2017,CT|Yale-JC0445|2012,,,,,,,,,
7,,,,,,,,,,CT|Yale-JC0455|2013,,,,,,,,,
7,,,,,,,,,,CT|Yale-JC0469|2014,,,,,,,,,
7,,,,,,,,,,CT|Yale-JC0536.1|2017,,,,,,,,,
7,,,,,,,,,,CT|Yale-JC0572|2018,,,,,,,,,
7,,,,,,,,,,CT|Yale-JC0486|2014,,,,,,,,,
7,,,,,,,,,,CT|Yale-JC0571|2018,,,,,,,,,
7,,,,,,,,,,CT|Yale-JC0616|2019,,,,,,,,,
,,,,,,,,,,,,,,,,,,,
8,8,5433,886,5405,862,5405,861,NY|JC13|2009,NY|Yale-JC0708|2014,CT|Yale-JC0117|2003,1.50E-68,2.72E-64,7.04E-69,1.05E-34,8.67E-34,5.88E-43,NS,NS,5.21E-96
8,,,,,,,,,,ND|Yale-JC0187|2005,,,,,,,,,
8,,,,,,,,,,ND|Yale-JC0206|2005,,,,,,,,,
8,,,,,,,,,,ND|Yale-JC0208|2005,,,,,,,,,
8,,,,,,,,,,ND|Yale-JC0221|2005,,,,,,,,,
8,,,,,,,,,,ND|Yale-JC0224|2005,,,,,,,,,
8,,,,,,,,,,ND|Yale-JC0200|2005,,,,,,,,,
8,,,,,,,,,,ND|Yale-JC0220|2005,,,,,,,,,
8,,,,,,,,,,CT|Yale-JC0097.1|2003,,,,,,,,,
8,,,,,,,,,,ND|Yale-JC0091|2003,,,,,,,,,
8,,,,,,,,,,ND|Yale-JC0196|2005,,,,,,,,,
8,,,,,,,,,,ND|Yale-JC0227|2005,,,,,,,,,
8,,,,,,,,,,ND|Yale-JC0228|2005,,,,,,,,,
8,,,,,,,,,,ND|Yale-JC0201|2005,,,,,,,,,
8,,,,,,,,,,ND|Yale-JC0202|2005,,,,,,,,,
8,,,,,,,,,,ND|Yale-JC0255|2006,,,,,,,,,
8,,,,,,,,,,ND|Yale-JC0256|2006,,,,,,,,,
8,,,,,,,,,,ND|Yale-JC0257|2006,,,,,,,,,
8,,,,,,,,,,ND|Yale-JC0217|2005,,,,,,,,,
8,,,,,,,,,,ND|Yale-JC0218|2005,,,,,,,,,
8,,,,,,,,,,ND|Yale-JC0197|2005,,,,,,,,,
8,,,,,,,,,,ND|Yale-JC0219|2005,,,,,,,,,
8,,,,,,,,,,ND|Yale-JC0207|2005,,,,,,,,,
,,,,,,,,,,,,,,,,,,,
9,9,12280,5410,12251,5386,12248,5382,^ND|Yale-JC0221|2005,CT|Yale-JC0097.1|2003,ND|Yale-JC0194|2005,1.62E-17,2.76E-15,1.22E-14,4.43E-16,9.93E-18,7.87E-23,NS,NS,2.54E-35
9,,,,,,,,CT|Yale-JC0117|2003,,CA_Manitoba|MH370819.1|1979,,,,,,,,,
9,,,,,,,,ND|Yale-JC0187|2005,,CT|Yale-JC0205|2005,,,,,,,,,
9,,,,,,,,ND|Yale-JC0206|2005,,ND|Yale-JC0121|2003,,,,,,,,,
9,,,,,,,,ND|Yale-JC0208|2005,,CT|Yale-JC0150|2004,,,,,,,,,
9,,,,,,,,ND|Yale-JC0224|2005,,CT|Yale-JC0151|2004,,,,,,,,,
9,,,,,,,,ND|Yale-JC0200|2005,,CT|Yale-JC0153|2004,,,,,,,,,
9,,,,,,,,ND|Yale-JC0220|2005,,CT|Yale-JC0154|2004,,,,,,,,,
9,,,,,,,,,,CT|Yale-JC0152|2004,,,,,,,,,
9,,,,,,,,,,ND|Yale-JC0120|2003,,,,,,,,,
9,,,,,,,,,,CT|Yale-JC0123|2003,,,,,,,,,
9,,,,,,,,,,CT|Yale-JC0126|2003,,,,,,,,,
9,,,,,,,,,,CT|Yale-JC0124|2003,,,,,,,,,
9,,,,,,,,,,CT|Yale-JC0125|2003,,,,,,,,,
9,,,,,,,,,,ND|Yale-JC0188|2005,,,,,,,,,
9,,,,,,,,,,ND|Yale-JC0190|2005,,,,,,,,,
9,,,,,,,,,,ND|Yale-JC0193|2005,,,,,,,,,
9,,,,,,,,,,ND|Yale-JC0222|2005,,,,,,,,,
9,,,,,,,,,,ND|Yale-JC0223|2005,,,,,,,,,
9,,,,,,,,,,CT|Yale-JC0127|2003,,,,,,,,,
9,,,,,,,,,,ND|Yale-JC0162|2004,,,,,,,,,
9,,,,,,,,,,CT|Yale-JC0173|2005,,,,,,,,,
9,,,,,,,,,,CT|Yale-JC0161|2004,,,,,,,,,
9,,,,,,,,,,ND|Yale-JC0092.2|2003,,,,,,,,,
9,,,,,,,,,,ND|Yale-JC0192|2005,,,,,,,,,
,,,,,,,,,,,,,,,,,,,
10,10~, 5372*,5428, 5343*,5398, 5344*,5400,MA|MN135990.1|2016-06,NY|Yale-JC0688|2010,CT|Yale-JC0343|2009,NS,2.76E-08,NS,NS,NS,NS,NS,NS,NS
10,,,,,,,,,NY|Yale-JC0694|2012,CT|Yale-JC0066|2002,,,,,,,,,
10,,,,,,,,,NY|Yale-JC0695|2012,,,,,,,,,,
10,,,,,,,,,NY|Yale-JC0771|2012,,,,,,,,,,
10,,,,,,,,,NY|Yale-JC0725|2018,,,,,,,,,,
10,,,,,,,,,NY|Yale-JC0716|2015,,,,,,,,,,
10,,,,,,,,,NY|Yale-JC0689|2010,,,,,,,,,,
,,,,,,,,,,,,,,,,,,,
11,11~,1098,1531,1074,1507,1073,1506,^CT|Yale-JC0325|2009,Unknown (ND|Yale-JC0120|2003),CT|Yale-JC0499|2015,NS,NS,NS,NS,NS,NS,NS,NS,NS
,,,,,,,,,,,,,,,,,,,
12,12~,12021,12045,11993,12017,11993,12017,NY|JC28|2017,Unknown (CT|Yale-JC0287|2007),CT|Yale-JC0344|2009,NS,NS,NS,NS,NS,NS,NS,NS,NS
12,,,,,,,,,Unknown(CT|Yale-JC0001|1966),CT|Yale-JC0372.1|2010,,,,,,,,,
12,,,,,,,,,Unknown(CT|Yale-JC0421|2011),CT|Yale-JC0475|2014,,,,,,,,,
12,,,,,,,,,Unknown(CT|Yale-JC0233|2006),CT|Yale-JC0586|2018,,,,,,,,,
12,,,,,,,,,Unknown(CT|Yale-JC0343|2009),CT|Yale-JC0599|2018,,,,,,,,,
,,,,,,,,,,,,,,,,,,,
13,13~,12316,1091,12269,1067,12271,1066,^CT|Yale-JC0524|2016,Unknown (ND|Yale-JC0120|2003),ND|Yale-JC0186|2005,NS,NS,NS,NS,NS,NS,NS,NS,NS
13,,,,,,,,CT|Yale-JC0344|2009,Unknown(CA_Manitoba|MH370819.1|1979),CT|Yale-JC0348|2009,,,,,,,,,
13,,,,,,,,CT|Yale-JC0001|1966,Unknown(ND|Yale-JC0188|2005),CT|Yale-JC0189|2005,,,,,,,,,
13,,,,,,,,CT|Yale-JC0445|2012,Unknown(ND|Yale-JC0190|2005),CT|Yale-JC0547|2017,,,,,,,,,
13,,,,,,,,CT|Yale-JC0455|2013,Unknown(ND|Yale-JC0223|2005),MA|Yale-JC0784|2023,,,,,,,,,
13,,,,,,,,CT|Yale-JC0469|2014,Unknown(ND|Yale-JC0162|2004),NY|JC278|2022,,,,,,,,,
13,,,,,,,,CT|Yale-JC0536.1|2017,Unknown(ND|Yale-JC0215|2005),CT|Yale-JC0078|2003,,,,,,,,,
13,,,,,,,,CT|Yale-JC0572|2018,Unknown(CT|Yale-JC0161|2004),MA|MN135990.1|2016-06,,,,,,,,,
13,,,,,,,,CT|Yale-JC0486|2014,Unknown(ND|Yale-JC0092.2|2003),CT|Yale-JC0527|2016,,,,,,,,,
13,,,,,,,,CT|Yale-JC0571|2018,Unknown(CT|Yale-JC0097.1|2003),,,,,,,,,,
13,,,,,,,,CT|Yale-JC0641|2021,Unknown(ND|Yale-JC0091|2003),,,,,,,,,,
13,,,,,,,,CT|Yale-JC0104|2003,Unknown(ND|Yale-JC0196|2005),,,,,,,,,,
13,,,,,,,,CT|Yale-JC0105|2003,Unknown(ND|Yale-JC0227|2005),,,,,,,,,,
13,,,,,,,,CT|Yale-JC0373|2010,Unknown(ND|Yale-JC0201|2005),,,,,,,,,,
13,,,,,,,,CT|Yale-JC0381|2011,Unknown(ND|Yale-JC0255|2006),,,,,,,,,,
13,,,,,,,,CT|Yale-JC0500|2015,Unknown(ND|Yale-JC0257|2006),,,,,,,,,,
13,,,,,,,,MA|Yale-JC0779|2023,Unknown(ND|Yale-JC0217|2005),,,,,,,,,,
13,,,,,,,,CT|Yale-JC0454|2013,Unknown(NY|JC11|2008),,,,,,,,,,
13,,,,,,,,CT|Yale-JC0005|1997,Unknown(CT|Yale-JC0577|2018),,,,,,,,,,
13,,,,,,,,CT|Yale-JC0011.1|1998,Unknown(CT|Yale-JC0041|2000),,,,,,,,,,
13,,,,,,,,CT|Yale-JC0027|2000,Unknown(CT|Yale-JC0062|2002),,,,,,,,,,
13,,,,,,,,CT|Yale-JC0139|2003,Unknown(CT|Yale-JC0583|2018),,,,,,,,,,
13,,,,,,,,CT|Yale-JC0329|2009,Unknown(CT|Yale-JC0372.1|2010),,,,,,,,,,
13,,,,,,,,CT|Yale-JC0603|2019,Unknown(CT|Yale-JC0359|2010),,,,,,,,,,
13,,,,,,,,CT|Yale-JC0629|2020,Unknown(CT|Yale-JC0420|2011),,,,,,,,,,
13,,,,,,,,CT|Yale-JC0557|2018,Unknown(CT|Yale-JC0451|2012),,,,,,,,,,
13,,,,,,,,CT|Yale-JC0065|2002,Unknown(CT|Yale-JC0397|2011),,,,,,,,,,
13,,,,,,,,CT|Yale-JC0338|2009,Unknown(CT|Yale-JC0475|2014),,,,,,,,,,
13,,,,,,,,CT|Yale-JC0283|2007,Unknown(CT|Yale-JC0586|2018),,,,,,,,,,
13,,,,,,,,CT|Yale-JC0305|2008,Unknown(NY|JC29|2017),,,,,,,,,,
13,,,,,,,,CT|Yale-JC0518|2016,Unknown(NY|Yale-JC0768|2017),,,,,,,,,,
13,,,,,,,,CT|Yale-JC0657|2022,Unknown(CT|Yale-JC0628|2020),,,,,,,,,,
13,,,,,,,,CT|Yale-JC0067|2002,Unknown(NY|JC10|2008),,,,,,,,,,
13,,,,,,,,CT|Yale-JC0081|2003,Unknown(NY|Yale-JC0674|2008),,,,,,,,,,
13,,,,,,,,CT|Yale-JC0174|2005,Unknown(CT|Yale-JC0070|2002),,,,,,,,,,
13,,,,,,,,CT|Yale-JC0175|2005,Unknown(NY|JC16|2011),,,,,,,,,,
13,,,,,,,,CT|Yale-JC0498|2015,Unknown(CT|Yale-JC0618|2019),,,,,,,,,,
13,,,,,,,,CT|Yale-JC0038|2000,Unknown(CT|Yale-JC0103|2003),,,,,,,,,,
13,,,,,,,,CT|Yale-JC0107|2003,Unknown(CT|Yale-JC0490|2014),,,,,,,,,,
13,,,,,,,,CT|Yale-JC0430|2011,Unknown(CT|Yale-JC0382|2011),,,,,,,,,,
13,,,,,,,,CT|Yale-JC0553|2017,Unknown(CT|Yale-JC0068|2002),,,,,,,,,,
13,,,,,,,,CT|Yale-JC0652|2021,Unknown(CT|Yale-JC0059|2002),,,,,,,,,,
13,,,,,,,,CT|Yale-JC0262|2007,Unknown(NY|JC08|2007),,,,,,,,,,
13,,,,,,,,CT|Yale-JC0549.1|2017,Unknown(NY|JC02|2003),,,,,,,,,,
13,,,,,,,,CT|Yale-JC0589|2018,Unknown(NY|JC17|2011),,,,,,,,,,
13,,,,,,,,CT|Yale-JC0489|2014,Unknown(NY|JC32|2019),,,,,,,,,,
13,,,,,,,,CT|Yale-JC0271|2007,Unknown(NY|Yale-JC0672|2008),,,,,,,,,,
13,,,,,,,,CT|Yale-JC0272|2007,Unknown(CT|Yale-JC0654|2021),,,,,,,,,,
13,,,,,,,,CT|Yale-JC0061|2002,Unknown(CT|Yale-JC0172|2005),,,,,,,,,,
13,,,,,,,,CT|Yale-JC0261|2007,Unknown(CT|Yale-JC0609|2019),,,,,,,,,,
13,,,,,,,,CT|Yale-JC0416|2011,Unknown(CT|Yale-JC0361|2010),,,,,,,,,,
13,,,,,,,,CT|Yale-JC0434|2011,Unknown(CT|Yale-JC0542|2017),,,,,,,,,,
13,,,,,,,,CT|Yale-JC0378|2010,Unknown(CT|Yale-JC0375|2010),,,,,,,,,,
13,,,,,,,,CT|Yale-JC0410|2011,Unknown(CT|Yale-JC0429|2011),,,,,,,,,,
13,,,,,,,,CT|Yale-JC0643|2021,Unknown(CT|Yale-JC0060|2002),,,,,,,,,,
13,,,,,,,,CT|Yale-JC0295|2007,Unknown(CT|Yale-JC0656|2022),,,,,,,,,,
13,,,,,,,,CT|Yale-JC0006|1997,Unknown(CT|Yale-JC0658|2022),,,,,,,,,,
13,,,,,,,,CT|Yale-JC0136|2003,Unknown(CT|Yale-JC0566|2018),,,,,,,,,,
13,,,,,,,,CT|Yale-JC0415|2011,Unknown(CT|Yale-JC0254|2006),,,,,,,,,,
13,,,,,,,,CT|Yale-JC0593|2018,Unknown(CT|Yale-JC0316|2008),,,,,,,,,,
13,,,,,,,,CT|Yale-JC0649|2021,Unknown(CT|Yale-JC0476|2014),,,,,,,,,,
13,,,,,,,,CT|Yale-JC0144|2004,Unknown(CT|Yale-JC0306|2008),,,,,,,,,,
13,,,,,,,,CT|Yale-JC0035|2000,Unknown(CT|Yale-JC0565|2018),,,,,,,,,,
13,,,,,,,,CT|Yale-JC0287|2007,Unknown(CT|Yale-JC0462|2013),,,,,,,,,,
13,,,,,,,,CT|Yale-JC0421|2011,Unknown(CT|Yale-JC0432|2011),,,,,,,,,,
13,,,,,,,,CT|Yale-JC0530.1|2017,Unknown(CT|Yale-JC0606|2019),,,,,,,,,,
13,,,,,,,,CT|Yale-JC0438|2011,Unknown(CT|Yale-JC0474|2014),,,,,,,,,,
13,,,,,,,,CT|Yale-JC0007|1998,Unknown(NY|Yale-JC0761|2022),,,,,,,,,,
13,,,,,,,,CT|Yale-JC0046|2000,Unknown(CT|Yale-JC0492|2015),,,,,,,,,,
13,,,,,,,,CT|Yale-JC0311|2008,Unknown(CT|Yale-JC0465|2013),,,,,,,,,,
13,,,,,,,,CT|Yale-JC0458|2013,Unknown(CT|Yale-JC0251|2006),,,,,,,,,,
13,,,,,,,,CT|Yale-JC0317|2008,Unknown(ND|Yale-JC0157|2004),,,,,,,,,,
13,,,,,,,,CT|Yale-JC0321|2009,Unknown(CT|Yale-JC0427|2011),,,,,,,,,,
13,,,,,,,,CT|Yale-JC0543|2017,Unknown(CT|Yale-JC0358|2009),,,,,,,,,,
13,,,,,,,,CT|Yale-JC0009|1998,Unknown(CT|Yale-JC0484|2014),,,,,,,,,,
13,,,,,,,,CT|Yale-JC0339|2009,Unknown(CT|Yale-JC0660|2022),,,,,,,,,,
13,,,,,,,,CT|Yale-JC0353|2009,Unknown(CT|Yale-JC0323|2009),,,,,,,,,,
13,,,,,,,,CT|Yale-JC0387|2011,Unknown(NY|JC15|2010),,,,,,,,,,
13,,,,,,,,CT|Yale-JC0024|2000,Unknown(CT|Yale-JC0032|2000),,,,,,,,,,
13,,,,,,,,ND|Yale-JC0138|2003,Unknown(CT|Yale-JC0014|1999),,,,,,,,,,
13,,,,,,,,CT|Yale-JC0558|2018,Unknown(CT|Yale-JC0247|2006),,,,,,,,,,
13,,,,,,,,CT|Yale-JC0089|2003,Unknown(CT|Yale-JC0342|2009),,,,,,,,,,
13,,,,,,,,CT|Yale-JC0535.1|2017,Unknown(CT|Yale-JC0109|2003),,,,,,,,,,
13,,,,,,,,CT|Yale-JC0562|2018,Unknown(CT|Yale-JC0608|2019),,,,,,,,,,
13,,,,,,,,CT|Yale-JC0506|2016,Unknown(NY|JC22|2014),,,,,,,,,,
13,,,,,,,,CT|Yale-JC0417|2011,Unknown(NY|JC18|2012),,,,,,,,,,
13,,,,,,,,CT|Yale-JC0418|2011,Unknown(NY|JC09|2007),,,,,,,,,,
13,,,,,,,,CT|Yale-JC0517|2016,Unknown(NY|JC06|2005),,,,,,,,,,
13,,,,,,,,CT|Yale-JC0581|2018,Unknown(NY|JC25|2015),,,,,,,,,,
13,,,,,,,,CT|Yale-JC0636|2020,Unknown(NY|JC33|2019),,,,,,,,,,
13,,,,,,,,CT|Yale-JC0286|2007,Unknown(NY|JC27|2016),,,,,,,,,,
13,,,,,,,,CT|Yale-JC0447|2012,Unknown(NY|JC31|2018),,,,,,,,,,
13,,,,,,,,CT|Yale-JC0052|2001,Unknown(NY|JC14|2010),,,,,,,,,,
13,,,,,,,,CT|Yale-JC0324|2009,Unknown(NY|JC26|2016),,,,,,,,,,
13,,,,,,,,CT|Yale-JC0267|2007,Unknown(NY|Yale-JC0689|2010),,,,,,,,,,
13,,,,,,,,CT|Yale-JC0268|2007,Unknown(NY|JC28|2017),,,,,,,,,,
13,,,,,,,,CT|Yale-JC0610.1|2019,Unknown(CT|Yale-JC0463|2013),,,,,,,,,,
13,,,,,,,,CT|Yale-JC0291|2007,Unknown(CT|Yale-JC0601|2018),,,,,,,,,,
13,,,,,,,,CT|Yale-JC0292|2007,Unknown(NY|JC30|2018),,,,,,,,,,
13,,,,,,,,CT|Yale-JC0473|2014,Unknown(PA|Yale-JC0822|2023),,,,,,,,,,
13,,,,,,,,CT|Yale-JC0459|2013,Unknown(NY|Yale-JC0686|2010),,,,,,,,,,
13,,,,,,,,CT|Yale-JC0066|2002,Unknown(NY|Yale-JC0721|2017),,,,,,,,,,
13,,,,,,,,CT|Yale-JC0233|2006,Unknown(NY|Yale-JC0770|2013),,,,,,,,,,
13,,,,,,,,CT|Yale-JC0325|2009[P],Unknown(NY|Yale-JC0724|2018),,,,,,,,,,
13,,,,,,,,CT|Yale-JC0002|1992,Unknown(NY|Yale-JC0772|2019),,,,,,,,,,
13,,,,,,,,CT|Yale-JC0616|2019,Unknown(NY|Yale-JC0731|2019),,,,,,,,,,
13,,,,,,,,CT|Yale-JC0644|2021,Unknown(ND|Yale-JC0225|2005),,,,,,,,,,
13,,,,,,,,CT|Yale-JC0328|2009,Unknown(ND|Yale-JC0226|2005),,,,,,,,,,
13,,,,,,,,CT|Yale-JC0085.1|2003[P],,,,,,,,,,,
13,,,,,,,,CT|Yale-JC0345|2009,,,,,,,,,,,
13,,,,,,,,CT|Yale-JC0483|2014[P],,,,,,,,,,,
13,,,,,,,,CT|Yale-JC0346|2009,,,,,,,,,,,
13,,,,,,,,CT|Yale-JC0108|2003,,,,,,,,,,,
,,,,,,,,,,,,,,,,,,,
14,14~,959,995,935,971,934,970,^CT|Yale-JC0014|1999,Unknown (CO|KX817316.1|1961),ND|Yale-JC0225|2005,NS,NS,NS,NS,NS,NS,NS,NS,NS
14,,,,,,,,,,CT|Yale-JC0057|2002,,,,,,,,,
,,,,,,,,,,,,,,,,,,,
15,15~,997,5736,972,5707,972,5708,^ND|Yale-JC0128|2003,CA_Manitoba|MH370819.1|1979,Unknown (CT|Yale-JC0173|2005),NS,NS,NS,NS,NS,NS,NS,NS,NS
15,,,,,,,,ND|Yale-JC0253|2006[T],CT|Yale-JC0205|2005,,,,,,,,,,
,,,,,,,,,,,,,,,,,,,
16,16,696,5227,693,5202,693,5202,ND|Yale-JC0230|2005,NY|JC11|2008,CA_Manitoba|MH370819.1|1979,8.95E-21,6.20E-22,4.52E-21,3.72E-20,2.24E-19,2.54E-29,NS,NS,5.79E-31
16,,,,,,,,ND|Yale-JC0229|2005,,CT|Yale-JC0205|2005,,,,,,,,,
16,,,,,,,,,,ND|Yale-JC0121|2003,,,,,,,,,
16,,,,,,,,,,CT|Yale-JC0150|2004,,,,,,,,,
16,,,,,,,,,,CT|Yale-JC0151|2004,,,,,,,,,
16,,,,,,,,,,CT|Yale-JC0153|2004,,,,,,,,,
16,,,,,,,,,,CT|Yale-JC0154|2004,,,,,,,,,
16,,,,,,,,,,CT|Yale-JC0152|2004,,,,,,,,,
16,,,,,,,,,,ND|Yale-JC0194|2005,,,,,,,,,
16,,,,,,,,,,ND|Yale-JC0120|2003,,,,,,,,,
16,,,,,,,,,,CT|Yale-JC0123|2003,,,,,,,,,
16,,,,,,,,,,CT|Yale-JC0126|2003,,,,,,,,,
16,,,,,,,,,,CT|Yale-JC0124|2003,,,,,,,,,
16,,,,,,,,,,CT|Yale-JC0125|2003,,,,,,,,,
16,,,,,,,,,,ND|Yale-JC0188|2005,,,,,,,,,
16,,,,,,,,,,ND|Yale-JC0190|2005,,,,,,,,,
16,,,,,,,,,,ND|Yale-JC0193|2005,,,,,,,,,
16,,,,,,,,,,ND|Yale-JC0222|2005,,,,,,,,,
16,,,,,,,,,,ND|Yale-JC0223|2005,,,,,,,,,
16,,,,,,,,,,ND|Yale-JC0118|2003,,,,,,,,,
16,,,,,,,,,,ND|Yale-JC0119|2003,,,,,,,,,
16,,,,,,,,,,CT|Yale-JC0127|2003,,,,,,,,,
16,,,,,,,,,,ND|Yale-JC0162|2004,,,,,,,,,
16,,,,,,,,,,ND|Yale-JC0209|2005,,,,,,,,,
16,,,,,,,,,,ND|Yale-JC0214|2005,,,,,,,,,
16,,,,,,,,,,ND|Yale-JC0211|2005,,,,,,,,,
16,,,,,,,,,,ND|Yale-JC0213|2005,,,,,,,,,
16,,,,,,,,,,ND|Yale-JC0215|2005,,,,,,,,,
16,,,,,,,,,,CT|Yale-JC0173|2005,,,,,,,,,
16,,,,,,,,,,CT|Yale-JC0161|2004,,,,,,,,,
16,,,,,,,,,,ND|Yale-JC0092.2|2003,,,,,,,,,
16,,,,,,,,,,ND|Yale-JC0192|2005,,,,,,,,,
16,,,,,,,,,,ND|Yale-JC0212|2005,,,,,,,,,
16,,,,,,,,,,ND|Yale-JC0164|2004,,,,,,,,,
16,,,,,,,,,,ND|Yale-JC0195|2005,,,,,,,,,
16,,,,,,,,,,ND|Yale-JC0203|2005,,,,,,,,,
,,,,,,,,,,,,,,,,,,,
17,17~,5184, 367*,5156, 367*,5159, 367*,^ND|Yale-JC0219|2005,ND|Yale-JC0196|2005,Unknown (CT|Yale-JC0014|1999),NS,NS,NS,NS,NS,NS,NS,NS,NS
17,,,,,,,,ND|Yale-JC0197|2005,ND|Yale-JC0091|2003,Unknown(CT|Yale-JC0003|1997),,,,,,,,,
17,,,,,,,,ND|Yale-JC0207|2005,ND|Yale-JC0227|2005,Unknown(CT|Yale-JC0177|2005),,,,,,,,,
17,,,,,,,,,ND|Yale-JC0228|2005,Unknown(CT|Yale-JC0577|2018),,,,,,,,,
17,,,,,,,,,ND|Yale-JC0201|2005,Unknown(CT|Yale-JC0036|2000),,,,,,,,,
17,,,,,,,,,ND|Yale-JC0255|2006,Unknown(CT|Yale-JC0041|2000),,,,,,,,,
17,,,,,,,,,ND|Yale-JC0257|2006,Unknown(CT|Yale-JC0056|2002),,,,,,,,,
17,,,,,,,,,ND|Yale-JC0217|2005,Unknown(CT|Yale-JC0062|2002),,,,,,,,,
17,,,,,,,,,ND|Yale-JC0218|2005,Unknown(CT|Yale-JC0142|2003),,,,,,,,,
17,,,,,,,,,,Unknown(CT|Yale-JC0548|2017),,,,,,,,,
17,,,,,,,,,,Unknown(CT|Yale-JC0583|2018),,,,,,,,,
17,,,,,,,,,,Unknown(CT|Yale-JC0053|2001),,,,,,,,,
17,,,,,,,,,,Unknown(CT|Yale-JC0098|2003),,,,,,,,,
17,,,,,,,,,,Unknown(CT|Yale-JC0310|2008),,,,,,,,,
17,,,,,,,,,,Unknown(CT|Yale-JC0389|2011),,,,,,,,,
17,,,,,,,,,,Unknown(CT|Yale-JC0372.1|2010),,,,,,,,,
17,,,,,,,,,,Unknown(CT|Yale-JC0359|2010),,,,,,,,,
17,,,,,,,,,,Unknown(CT|Yale-JC0420|2011),,,,,,,,,
17,,,,,,,,,,Unknown(CT|Yale-JC0451|2012),,,,,,,,,
17,,,,,,,,,,Unknown(CT|Yale-JC0397|2011),,,,,,,,,
17,,,,,,,,,,Unknown(CT|Yale-JC0475|2014),,,,,,,,,
17,,,,,,,,,,Unknown(CT|Yale-JC0586|2018),,,,,,,,,
17,,,,,,,,,,Unknown(CT|Yale-JC0599|2018),,,,,,,,,
17,,,,,,,,,,Unknown(CT|Yale-JC0650|2021),,,,,,,,,
17,,,,,,,,,,Unknown(CT|Yale-JC0537.1|2017),,,,,,,,,
17,,,,,,,,,,Unknown(NY|JC29|2017),,,,,,,,,
17,,,,,,,,,,Unknown(NY|Yale-JC0768|2017),,,,,,,,,
17,,,,,,,,,,Unknown(CT|Yale-JC0628|2020),,,,,,,,,
17,,,,,,,,,,Unknown(CT|Yale-JC0270|2007),,,,,,,,,
17,,,,,,,,,,Unknown(CT|Yale-JC0299|2008),,,,,,,,,
17,,,,,,,,,,Unknown(CT|Yale-JC0302|2008),,,,,,,,,
17,,,,,,,,,,Unknown(CT|Yale-JC0298|2007),,,,,,,,,
17,,,,,,,,,,Unknown(CT|Yale-JC0318|2008),,,,,,,,,
17,,,,,,,,,,Unknown(CT|Yale-JC0320|2009),,,,,,,,,
17,,,,,,,,,,Unknown(CT|Yale-JC0319|2009),,,,,,,,,
17,,,,,,,,,,Unknown(CT|Yale-JC0585|2018),,,,,,,,,
17,,,,,,,,,,Unknown(CT|Yale-JC0087|2003),,,,,,,,,
17,,,,,,,,,,Unknown(CT|Yale-JC0354|2009),,,,,,,,,
17,,,,,,,,,,Unknown(CT|Yale-JC0578|2018),,,,,,,,,
17,,,,,,,,,,Unknown(CT|Yale-JC0619|2019),,,,,,,,,
17,,,,,,,,,,Unknown(CT|Yale-JC0620|2019),,,,,,,,,
17,,,,,,,,,,Unknown(CT|Yale-JC0651|2021),,,,,,,,,
17,,,,,,,,,,Unknown(CT|Yale-JC0664|2022),,,,,,,,,
17,,,,,,,,,,Unknown(CT|Yale-JC0645|2021),,,,,,,,,
17,,,,,,,,,,Unknown(NY|JC10|2008),,,,,,,,,
17,,,,,,,,,,Unknown(NY|Yale-JC0674|2008),,,,,,,,,
17,,,,,,,,,,Unknown(CT|Yale-JC0480|2014),,,,,,,,,
17,,,,,,,,,,Unknown(CT|Yale-JC0070|2002),,,,,,,,,
17,,,,,,,,,,Unknown(CT|Yale-JC0340|2009),,,,,,,,,
17,,,,,,,,,,Unknown(NY|JC16|2011),,,,,,,,,
17,,,,,,,,,,Unknown(CT|Yale-JC0083|2003),,,,,,,,,
17,,,,,,,,,,Unknown(ND|Yale-JC0160|2004),,,,,,,,,
17,,,,,,,,,,Unknown(CT|Yale-JC0258|2006),,,,,,,,,
17,,,,,,,,,,Unknown(CT|Yale-JC0241|2006),,,,,,,,,
17,,,,,,,,,,Unknown(CT|Yale-JC0446|2012),,,,,,,,,
17,,,,,,,,,,Unknown(CT|Yale-JC0448|2012),,,,,,,,,
17,,,,,,,,,,Unknown(CT|Yale-JC0135|2003),,,,,,,,,
17,,,,,,,,,,Unknown(CT|Yale-JC0140|2003),,,,,,,,,
17,,,,,,,,,,Unknown(CT|Yale-JC0363|2010),,,,,,,,,
17,,,,,,,,,,Unknown(CT|Yale-JC0521|2016),,,,,,,,,
17,,,,,,,,,,Unknown(CT|Yale-JC0523|2016),,,,,,,,,
17,,,,,,,,,,Unknown(CT|Yale-JC0618|2019),,,,,,,,,
17,,,,,,,,,,Unknown(CT|Yale-JC0388|2011),,,,,,,,,
17,,,,,,,,,,Unknown(CT|Yale-JC0503|2016),,,,,,,,,
17,,,,,,,,,,Unknown(CT|Yale-JC0561|2018),,,,,,,,,
17,,,,,,,,,,Unknown(CT|Yale-JC0584|2018),,,,,,,,,
17,,,,,,,,,,Unknown(CT|Yale-JC0598|2018),,,,,,,,,
17,,,,,,,,,,Unknown(CT|Yale-JC0621|2019),,,,,,,,,
17,,,,,,,,,,Unknown(CT|Yale-JC0573|2018),,,,,,,,,
17,,,,,,,,,,Unknown(CT|Yale-JC0631|2020),,,,,,,,,
17,,,,,,,,,,Unknown(CT|Yale-JC0634|2020),,,,,,,,,
17,,,,,,,,,,Unknown(CT|Yale-JC0632|2020),,,,,,,,,
17,,,,,,,,,,Unknown(CT|Yale-JC0409|2011),,,,,,,,,
17,,,,,,,,,,Unknown(CT|Yale-JC0501|2015),,,,,,,,,
17,,,,,,,,,,Unknown(CT|Yale-JC0514|2016),,,,,,,,,
17,,,,,,,,,,Unknown(CT|Yale-JC0661|2022),,,,,,,,,
17,,,,,,,,,,Unknown(CT|Yale-JC0102|2003),,,,,,,,,
17,,,,,,,,,,Unknown(CT|Yale-JC0103|2003),,,,,,,,,
17,,,,,,,,,,Unknown(CT|Yale-JC0290|2007),,,,,,,,,
17,,,,,,,,,,Unknown(CT|Yale-JC0300|2008),,,,,,,,,
17,,,,,,,,,,Unknown(CT|Yale-JC0304|2008),,,,,,,,,
17,,,,,,,,,,Unknown(CT|Yale-JC0303|2008),,,,,,,,,
17,,,,,,,,,,Unknown(CT|Yale-JC0552|2017),,,,,,,,,
17,,,,,,,,,,Unknown(CT|Yale-JC0198|2005),,,,,,,,,
17,,,,,,,,,,Unknown(CT|Yale-JC0335|2009),,,,,,,,,
17,,,,,,,,,,Unknown(CT|Yale-JC0355|2009),,,,,,,,,
17,,,,,,,,,,Unknown(ND|Yale-JC0158|2004),,,,,,,,,
17,,,,,,,,,,Unknown(CT|Yale-JC0477|2014),,,,,,,,,
17,,,,,,,,,,Unknown(CT|Yale-JC0482|2014),,,,,,,,,
17,,,,,,,,,,Unknown(CT|Yale-JC0464.1|2013),,,,,,,,,
17,,,,,,,,,,Unknown(CT|Yale-JC0443|2012),,,,,,,,,
17,,,,,,,,,,Unknown(CT|Yale-JC0399|2011),,,,,,,,,
17,,,,,,,,,,Unknown(CT|Yale-JC0400|2011),,,,,,,,,
17,,,,,,,,,,Unknown(CT|Yale-JC0408|2011),,,,,,,,,
17,,,,,,,,,,Unknown(CT|Yale-JC0423|2011),,,,,,,,,
17,,,,,,,,,,Unknown(CT|Yale-JC0425|2011),,,,,,,,,
17,,,,,,,,,,Unknown(CT|Yale-JC0426|2011),,,,,,,,,
17,,,,,,,,,,Unknown(CT|Yale-JC0401|2011),,,,,,,,,
17,,,,,,,,,,Unknown(CT|Yale-JC0407|2011),,,,,,,,,
17,,,,,,,,,,Unknown(CT|Yale-JC0402|2011),,,,,,,,,
17,,,,,,,,,,Unknown(CT|Yale-JC0406|2011),,,,,,,,,
17,,,,,,,,,,Unknown(CT|Yale-JC0404|2011),,,,,,,,,
17,,,,,,,,,,Unknown(CT|Yale-JC0435|2011),,,,,,,,,
17,,,,,,,,,,Unknown(CT|Yale-JC0422|2011),,,,,,,,,
17,,,,,,,,,,Unknown(CT|Yale-JC0405|2011),,,,,,,,,
17,,,,,,,,,,Unknown(CT|Yale-JC0461|2013),,,,,,,,,
17,,,,,,,,,,Unknown(CT|Yale-JC0490|2014),,,,,,,,,
17,,,,,,,,,,Unknown(CT|Yale-JC0622|2019),,,,,,,,,
17,,,,,,,,,,Unknown(CT|Yale-JC0424|2011),,,,,,,,,
17,,,,,,,,,,Unknown(CT|Yale-JC0499|2015),,,,,,,,,
17,,,,,,,,,,Unknown(CT|Yale-JC0168|2005),,,,,,,,,
17,,,,,,,,,,Unknown(CT|Yale-JC0239|2006),,,,,,,,,
17,,,,,,,,,,Unknown(CT|Yale-JC0371|2010),,,,,,,,,
17,,,,,,,,,,Unknown(CT|Yale-JC0556|2018),,,,,,,,,
17,,,,,,,,,,Unknown(CT|Yale-JC0419|2011),,,,,,,,,
17,,,,,,,,,,Unknown(CT|Yale-JC0250|2006),,,,,,,,,
17,,,,,,,,,,Unknown(CT|Yale-JC0171|2005),,,,,,,,,
17,,,,,,,,,,Unknown(CT|Yale-JC0184.1|2005),,,,,,,,,
17,,,,,,,,,,Unknown(CT|Yale-JC0015|1999),,,,,,,,,
17,,,,,,,,,,Unknown(CT|Yale-JC0016|1999),,,,,,,,,
17,,,,,,,,,,Unknown(CT|Yale-JC0018|1999),,,,,,,,,
17,,,,,,,,,,Unknown(CT|Yale-JC0025|2000),,,,,,,,,
17,,,,,,,,,,Unknown(CT|Yale-JC0026|2000),,,,,,,,,
17,,,,,,,,,,Unknown(CT|Yale-JC0350|2009),,,,,,,,,
17,,,,,,,,,,Unknown(CT|Yale-JC0395|2011),,,,,,,,,
17,,,,,,,,,,Unknown(CT|Yale-JC0532.2|2017),,,,,,,,,
17,,,,,,,,,,Unknown(CT|Yale-JC0563|2018),,,,,,,,,
17,,,,,,,,,,Unknown(CT|Yale-JC0564|2018),,,,,,,,,
17,,,,,,,,,,Unknown(CT|Yale-JC0393|2011),,,,,,,,,
17,,,,,,,,,,Unknown(CT|Yale-JC0639|2021),,,,,,,,,
17,,,,,,,,,,Unknown(CT|Yale-JC0569|2018),,,,,,,,,
17,,,,,,,,,,Unknown(CT|Yale-JC0570|2018),,,,,,,,,
17,,,,,,,,,,Unknown(CT|Yale-JC0383|2011),,,,,,,,,
17,,,,,,,,,,Unknown(CT|Yale-JC0385|2011),,,,,,,,,
17,,,,,,,,,,Unknown(CT|Yale-JC0394|2011),,,,,,,,,
17,,,,,,,,,,Unknown(CT|Yale-JC0472|2014),,,,,,,,,
17,,,,,,,,,,Unknown(CT|Yale-JC0471|2014),,,,,,,,,
17,,,,,,,,,,Unknown(CT|Yale-JC0496|2015),,,,,,,,,
17,,,,,,,,,,Unknown(CT|Yale-JC0602.1|2019),,,,,,,,,
17,,,,,,,,,,Unknown(CT|Yale-JC0554|2018),,,,,,,,,
17,,,,,,,,,,Unknown(CT|Yale-JC0382|2011),,,,,,,,,
17,,,,,,,,,,Unknown(CT|Yale-JC0051|2001),,,,,,,,,
17,,,,,,,,,,Unknown(CT|Yale-JC0453|2013),,,,,,,,,
17,,,,,,,,,,Unknown(CT|Yale-JC0068|2002),,,,,,,,,
17,,,,,,,,,,Unknown(CT|Yale-JC0379|2010),,,,,,,,,
17,,,,,,,,,,Unknown(CT|Yale-JC0587|2018),,,,,,,,,
17,,,,,,,,,,Unknown(CT|Yale-JC0334|2009),,,,,,,,,
17,,,,,,,,,,Unknown(CT|Yale-JC0332|2009),,,,,,,,,
17,,,,,,,,,,Unknown(CT|Yale-JC0384|2011),,,,,,,,,
17,,,,,,,,,,Unknown(CT|Yale-JC0333|2009),,,,,,,,,
17,,,,,,,,,,Unknown(CT|Yale-JC0034|2000),,,,,,,,,
17,,,,,,,,,,Unknown(CT|Yale-JC0054|2001),,,,,,,,,
17,,,,,,,,,,Unknown(CT|Yale-JC0238|2006),,,,,,,,,
17,,,,,,,,,,Unknown(CT|Yale-JC0244|2006),,,,,,,,,
17,,,,,,,,,,Unknown(CT|Yale-JC0245|2006),,,,,,,,,
17,,,,,,,,,,Unknown(CT|Yale-JC0259|2007),,,,,,,,,
17,,,,,,,,,,Unknown(MA|Yale-JC0782|2023),,,,,,,,,
17,,,,,,,,,,Unknown(MA|Yale-JC0783|2023),,,,,,,,,
17,,,,,,,,,,Unknown(CT|Yale-JC0179|2005),,,,,,,,,
17,,,,,,,,,,Unknown(CT|Yale-JC0582|2018),,,,,,,,,
17,,,,,,,,,,Unknown(CT|Yale-JC0646|2021),,,,,,,,,
17,,,,,,,,,,Unknown(CT|Yale-JC0647|2021),,,,,,,,,
17,,,,,,,,,,Unknown(CT|Yale-JC0028|2000),,,,,,,,,
17,,,,,,,,,,Unknown(CT|Yale-JC0037|2000),,,,,,,,,
17,,,,,,,,,,Unknown(CT|Yale-JC0030|2000),,,,,,,,,
17,,,,,,,,,,Unknown(CT|Yale-JC0588|2018),,,,,,,,,
17,,,,,,,,,,Unknown(CT|Yale-JC0525|2016),,,,,,,,,
17,,,,,,,,,,Unknown(CT|Yale-JC0533.1|2017),,,,,,,,,
17,,,,,,,,,,Unknown(CT|Yale-JC0019|1999),,,,,,,,,
17,,,,,,,,,,Unknown(CT|Yale-JC0020|1999),,,,,,,,,
17,,,,,,,,,,Unknown(CT|Yale-JC0059|2002),,,,,,,,,
17,,,,,,,,,,Unknown(CT|Yale-JC0099|2003),,,,,,,,,
17,,,,,,,,,,Unknown(CT|Yale-JC0231|2006),,,,,,,,,
17,,,,,,,,,,Unknown(CT|Yale-JC0237|2006),,,,,,,,,
17,,,,,,,,,,Unknown(CT|Yale-JC0112|2003),,,,,,,,,
17,,,,,,,,,,Unknown(CT|Yale-JC0113|2003),,,,,,,,,
17,,,,,,,,,,Unknown(CT|Yale-JC0100|2003),,,,,,,,,
17,,,,,,,,,,Unknown(CT|Yale-JC0111|2003),,,,,,,,,
17,,,,,,,,,,Unknown(CT|Yale-JC0236|2006),,,,,,,,,
17,,,,,,,,,,Unknown(ND|Yale-JC0133|2003),,,,,,,,,
17,,,,,,,,,,Unknown(ND|Yale-JC0129.1|2003),,,,,,,,,
17,,,,,,,,,,Unknown(CT|Yale-JC0633|2020),,,,,,,,,
17,,,,,,,,,,Unknown(CT|Yale-JC0170|2005),,,,,,,,,
17,,,,,,,,,,Unknown(CT|Yale-JC0288|2007),,,,,,,,,
17,,,,,,,,,,Unknown(CT|Yale-JC0376|2010),,,,,,,,,
17,,,,,,,,,,Unknown(CT|Yale-JC0377|2010),,,,,,,,,
17,,,,,,,,,,Unknown(CT|Yale-JC0289|2007),,,,,,,,,
17,,,,,,,,,,Unknown(CT|Yale-JC0183|2005),,,,,,,,,
17,,,,,,,,,,Unknown(CT|Yale-JC0234|2006),,,,,,,,,
17,,,,,,,,,,Unknown(CT|Yale-JC0240|2006),,,,,,,,,
17,,,,,,,,,,Unknown(CT|Yale-JC0433|2011),,,,,,,,,
17,,,,,,,,,,Unknown(CT|Yale-JC0502|2015),,,,,,,,,
17,,,,,,,,,,Unknown(CT|Yale-JC0560|2018),,,,,,,,,
17,,,,,,,,,,Unknown(CT|Yale-JC0551|2017),,,,,,,,,
17,,,,,,,,,,Unknown(NY|JC08|2007),,,,,,,,,
17,,,,,,,,,,Unknown(NY|JC02|2003),,,,,,,,,
17,,,,,,,,,,Unknown(NY|JC17|2011),,,,,,,,,
17,,,,,,,,,,Unknown(NY|Yale-JC0718.1|2014),,,,,,,,,
17,,,,,,,,,,Unknown(NY|Yale-JC0719|2014),,,,,,,,,
17,,,,,,,,,,Unknown(CT|Yale-JC0513|2016),,,,,,,,,
17,,,,,,,,,,Unknown(CT|Yale-JC0515|2016),,,,,,,,,
17,,,,,,,,,,Unknown(CT|Yale-JC0516|2016),,,,,,,,,
17,,,,,,,,,,Unknown(NY|JC32|2019),,,,,,,,,
17,,,,,,,,,,Unknown(CT|Yale-JC0526|2016),,,,,,,,,
17,,,,,,,,,,Unknown(NY|Yale-JC0672|2008),,,,,,,,,
17,,,,,,,,,,Unknown(CT|Yale-JC0654|2021),,,,,,,,,
17,,,,,,,,,,Unknown(CT|Yale-JC0055|2002),,,,,,,,,
17,,,,,,,,,,Unknown(CT|Yale-JC0063|2002),,,,,,,,,
17,,,,,,,,,,Unknown(CT|Yale-JC0172|2005),,,,,,,,,
17,,,,,,,,,,Unknown(CT|Yale-JC0071|2002),,,,,,,,,
17,,,,,,,,,,Unknown(CT|Yale-JC0249|2006),,,,,,,,,
17,,,,,,,,,,Unknown(CT|Yale-JC0609|2019),,,,,,,,,
17,,,,,,,,,,Unknown(CT|Yale-JC0361|2010),,,,,,,,,
17,,,,,,,,,,Unknown(CT|Yale-JC0497|2015),,,,,,,,,
17,,,,,,,,,,Unknown(CT|Yale-JC0542|2017),,,,,,,,,
17,,,,,,,,,,Unknown(NY|Yale-JC0764|2022),,,,,,,,,
17,,,,,,,,,,Unknown(CT|Yale-JC0167|2005),,,,,,,,,
17,,,,,,,,,,Unknown(CT|Yale-JC0013|1998),,,,,,,,,
17,,,,,,,,,,Unknown(CT|Yale-JC0101|2003),,,,,,,,,
17,,,,,,,,,,Unknown(CT|Yale-JC0442|2012),,,,,,,,,
17,,,,,,,,,,Unknown(CT|Yale-JC0116|2003),,,,,,,,,
17,,,,,,,,,,Unknown(CT|Yale-JC0396|2011),,,,,,,,,
17,,,,,,,,,,Unknown(CT|Yale-JC0375|2010),,,,,,,,,
17,,,,,,,,,,Unknown(CT|Yale-JC0031|2000),,,,,,,,,
17,,,,,,,,,,Unknown(CT|Yale-JC0040|2000),,,,,,,,,
17,,,,,,,,,,Unknown(CT|Yale-JC0080|2003),,,,,,,,,
17,,,,,,,,,,Unknown(CT|Yale-JC0134|2003),,,,,,,,,
17,,,,,,,,,,Unknown(CT|Yale-JC0058.1|2002),,,,,,,,,
17,,,,,,,,,,Unknown(CT|Yale-JC0429|2011),,,,,,,,,
17,,,,,,,,,,Unknown(CT|Yale-JC0444|2012),,,,,,,,,
17,,,,,,,,,,Unknown(CT|Yale-JC0060|2002),,,,,,,,,
17,,,,,,,,,,Unknown(CT|Yale-JC0114|2003),,,,,,,,,
17,,,,,,,,,,Unknown(CT|Yale-JC0285|2007),,,,,,,,,
17,,,,,,,,,,Unknown(CT|Yale-JC0390|2011),,,,,,,,,
17,,,,,,,,,,Unknown(CT|Yale-JC0440|2012),,,,,,,,,
17,,,,,,,,,,Unknown(CT|Yale-JC0544|2017),,,,,,,,,
17,,,,,,,,,,Unknown(CT|Yale-JC0545|2017),,,,,,,,,
17,,,,,,,,,,Unknown(CT|Yale-JC0546|2017),,,,,,,,,
17,,,,,,,,,,Unknown(CT|Yale-JC0347|2009),,,,,,,,,
17,,,,,,,,,,Unknown(CT|Yale-JC0592|2018),,,,,,,,,
17,,,,,,,,,,Unknown(CT|Yale-JC0137|2003),,,,,,,,,
17,,,,,,,,,,Unknown(CT|Yale-JC0294|2007),,,,,,,,,
17,,,,,,,,,,Unknown(CT|Yale-JC0307|2008),,,,,,,,,
17,,,,,,,,,,Unknown(CT|Yale-JC0360|2010),,,,,,,,,
17,,,,,,,,,,Unknown(CT|Yale-JC0470|2014),,,,,,,,,
17,,,,,,,,,,Unknown(CT|Yale-JC0487|2014),,,,,,,,,
17,,,,,,,,,,Unknown(CT|Yale-JC0495|2015),,,,,,,,,
17,,,,,,,,,,Unknown(CT|Yale-JC0494|2015),,,,,,,,,
17,,,,,,,,,,Unknown(CT|Yale-JC0493|2015),,,,,,,,,
17,,,,,,,,,,Unknown(CT|Yale-JC0520|2016),,,,,,,,,
17,,,,,,,,,,Unknown(CT|Yale-JC0507|2016),,,,,,,,,
17,,,,,,,,,,Unknown(CT|Yale-JC0656|2022),,,,,,,,,
17,,,,,,,,,,Unknown(CT|Yale-JC0658|2022),,,,,,,,,
17,,,,,,,,,,Unknown(CT|Yale-JC0456|2013),,,,,,,,,
17,,,,,,,,,,Unknown(CT|Yale-JC0457|2013),,,,,,,,,
17,,,,,,,,,,Unknown(CT|Yale-JC0559|2018),,,,,,,,,
17,,,,,,,,,,Unknown(CT|Yale-JC0605|2019),,,,,,,,,
17,,,,,,,,,,Unknown(CT|Yale-JC0615|2019),,,,,,,,,
17,,,,,,,,,,Unknown(CT|Yale-JC0263|2007),,,,,,,,,
17,,,,,,,,,,Unknown(CT|Yale-JC0264|2007),,,,,,,,,
17,,,,,,,,,,Unknown(CT|Yale-JC0265|2007),,,,,,,,,
17,,,,,,,,,,Unknown(CT|Yale-JC0274|2007),,,,,,,,,
17,,,,,,,,,,Unknown(CT|Yale-JC0275|2007),,,,,,,,,
17,,,,,,,,,,Unknown(CT|Yale-JC0276|2007),,,,,,,,,
17,,,,,,,,,,Unknown(CT|Yale-JC0277|2007),,,,,,,,,
17,,,,,,,,,,Unknown(CT|Yale-JC0364|2010),,,,,,,,,
17,,,,,,,,,,Unknown(CT|Yale-JC0278|2007),,,,,,,,,
17,,,,,,,,,,Unknown(CT|Yale-JC0630|2020),,,,,,,,,
17,,,,,,,,,,Unknown(CT|Yale-JC0611|2019),,,,,,,,,
17,,,,,,,,,,Unknown(CT|Yale-JC0505|2016),,,,,,,,,
17,,,,,,,,,,Unknown(CT|Yale-JC0566|2018),,,,,,,,,
17,,,,,,,,,,Unknown(CT|Yale-JC0538|2017),,,,,,,,,
17,,,,,,,,,,Unknown(CT|Yale-JC0351|2009),,,,,,,,,
17,,,,,,,,,,Unknown(CT|Yale-JC0254|2006),,,,,,,,,
17,,,,,,,,,,Unknown(CT|Yale-JC0316|2008),,,,,,,,,
17,,,,,,,,,,Unknown(CT|Yale-JC0413|2011),,,,,,,,,
17,,,,,,,,,,Unknown(ND|Yale-JC0122|2003),,,,,,,,,
17,,,,,,,,,,Unknown(CT|Yale-JC0115|2003),,,,,,,,,
17,,,,,,,,,,Unknown(CT|Yale-JC0243|2006),,,,,,,,,
17,,,,,,,,,,Unknown(CT|Yale-JC0232|2006),,,,,,,,,
17,,,,,,,,,,Unknown(CT|Yale-JC0476|2014),,,,,,,,,
17,,,,,,,,,,Unknown(CT|Yale-JC0550|2017),,,,,,,,,
17,,,,,,,,,,Unknown(CT|Yale-JC0266|2007),,,,,,,,,
17,,,,,,,,,,Unknown(CT|Yale-JC0306|2008),,,,,,,,,
17,,,,,,,,,,Unknown(CT|Yale-JC0284|2007),,,,,,,,,
17,,,,,,,,,,Unknown(CT|Yale-JC0441|2012),,,,,,,,,
17,,,,,,,,,,Unknown(CT|Yale-JC0478|2014),,,,,,,,,
17,,,,,,,,,,Unknown(CT|Yale-JC0565|2018),,,,,,,,,
17,,,,,,,,,,Unknown(CT|Yale-JC0242|2006),,,,,,,,,
17,,,,,,,,,,Unknown(CT|Yale-JC0296|2007),,,,,,,,,
17,,,,,,,,,,Unknown(CT|Yale-JC0403|2011),,,,,,,,,
17,,,,,,,,,,Unknown(CT|Yale-JC0349|2009),,,,,,,,,
17,,,,,,,,,,Unknown(CT|Yale-JC0322|2009),,,,,,,,,
17,,,,,,,,,,Unknown(CT|Yale-JC0462|2013),,,,,,,,,
17,,,,,,,,,,Unknown(CT|Yale-JC0479|2014),,,,,,,,,
17,,,,,,,,,,Unknown(CT|Yale-JC0567|2018),,,,,,,,,
17,,,,,,,,,,Unknown(CT|Yale-JC0432|2011),,,,,,,,,
17,,,,,,,,,,Unknown(CT|Yale-JC0580|2018),,,,,,,,,
17,,,,,,,,,,Unknown(CT|Yale-JC0604.1|2019),,,,,,,,,
17,,,,,,,,,,Unknown(CT|Yale-JC0606|2019),,,,,,,,,
17,,,,,,,,,,Unknown(CT|Yale-JC607.1|2019),,,,,,,,,
17,,,,,,,,,,Unknown(CT|Yale-JC0474|2014),,,,,,,,,
17,,,,,,,,,,Unknown(CT|Yale-JC0488|2014),,,,,,,,,
17,,,,,,,,,,Unknown(CT|Yale-JC0504|2016),,,,,,,,,
17,,,,,,,,,,Unknown(CT|Yale-JC0555|2018),,,,,,,,,
17,,,,,,,,,,Unknown(CT|Yale-JC0575|2018),,,,,,,,,
17,,,,,,,,,,Unknown(CT|Yale-JC0614|2019),,,,,,,,,
17,,,,,,,,,,Unknown(CT|Yale-JC0591|2018),,,,,,,,,
17,,,,,,,,,,Unknown(NY|Yale-JC0761|2022),,,,,,,,,
17,,,,,,,,,,Unknown(CT|Yale-JC0492|2015),,,,,,,,,
17,,,,,,,,,,Unknown(CT|Yale-JC0465|2013),,,,,,,,,
17,,,,,,,,,,Unknown(CT|Yale-JC0251|2006),,,,,,,,,
17,,,,,,,,,,Unknown(CT|Yale-JC0143|2003),,,,,,,,,
17,,,,,,,,,,Unknown(CT|Yale-JC0149|2004),,,,,,,,,
17,,,,,,,,,,Unknown(CT|Yale-JC0374|2010),,,,,,,,,
17,,,,,,,,,,Unknown(ND|Yale-JC0157|2004),,,,,,,,,
17,,,,,,,,,,Unknown(CT|Yale-JC0427|2011),,,,,,,,,
17,,,,,,,,,,Unknown(CT|Yale-JC0357|2009),,,,,,,,,
17,,,,,,,,,,Unknown(CT|Yale-JC0358|2009),,,,,,,,,
17,,,,,,,,,,Unknown(CT|Yale-JC0484|2014),,,,,,,,,
17,,,,,,,,,,Unknown(CT|Yale-JC0660|2022),,,,,,,,,
17,,,,,,,,,,Unknown(CT|Yale-JC0323|2009),,,,,,,,,
17,,,,,,,,,,Unknown(CT|Yale-JC0331|2009),,,,,,,,,
17,,,,,,,,,,Unknown(NY|JC15|2010),,,,,,,,,
17,,,,,,,,,,Unknown(CT|Yale-JC0365|2010),,,,,,,,,
17,,,,,,,,,,Unknown(CT|Yale-JC0366|2010),,,,,,,,,
17,,,,,,,,,,Unknown(CT|Yale-JC0368.1|2010),,,,,,,,,
17,,,,,,,,,,Unknown(CT|Yale-JC0369.1|2010),,,,,,,,,
17,,,,,,,,,,Unknown(CT|Yale-JC0370.1|2010),,,,,,,,,
17,,,,,,,,,,Unknown(CT|Yale-JC0367|2010),,,,,,,,,
17,,,,,,,,,,Unknown(CT|Yale-JC0541|2017),,,,,,,,,
17,,,,,,,,,,Unknown(CT|Yale-JC0032|2000),,,,,,,,,
17,,,,,,,,,,Unknown(CT|Yale-JC0022|1999),,,,,,,,,
17,,,,,,,,,,Unknown(CT|Yale-JC0076|2003),,,,,,,,,
17,,,,,,,,,,Unknown(ND|Yale-JC0131|2003),,,,,,,,,
17,,,,,,,,,,Unknown(CT|Yale-JC0073.1|2003),,,,,,,,,
17,,,,,,,,,,Unknown(CT|Yale-JC0077.1|2003),,,,,,,,,
17,,,,,,,,,,Unknown(CT|Yale-JC0246|2006),,,,,,,,,
17,,,,,,,,,,Unknown(CT|Yale-JC0248|2006),,,,,,,,,
17,,,,,,,,,,Unknown(CT|Yale-JC0247|2006),,,,,,,,,
17,,,,,,,,,,Unknown(CT|Yale-JC0313|2008),,,,,,,,,
17,,,,,,,,,,Unknown(CT|Yale-JC0314|2008),,,,,,,,,
17,,,,,,,,,,Unknown(CT|Yale-JC0362|2010),,,,,,,,,
17,,,,,,,,,,Unknown(ND|Yale-JC0130|2003),,,,,,,,,
17,,,,,,,,,,Unknown(CT|Yale-JC0057|2002),,,,,,,,,
17,,,,,,,,,,Unknown(CT|Yale-JC0613|2019),,,,,,,,,
17,,,,,,,,,,Unknown(CT|Yale-JC0337.1|2009),,,,,,,,,
17,,,,,,,,,,Unknown(CT|Yale-JC0511|2016),,,,,,,,,
17,,,,,,,,,,Unknown(CT|Yale-JC0342|2009),,,,,,,,,
17,,,,,,,,,,Unknown(CT|Yale-JC0279|2007),,,,,,,,,
17,,,,,,,,,,Unknown(CT|Yale-JC0309|2008),,,,,,,,,
17,,,,,,,,,,Unknown(CT|Yale-JC0436|2011),,,,,,,,,
17,,,,,,,,,,Unknown(CT|Yale-JC0519|2016),,,,,,,,,
17,,,,,,,,,,Unknown(CT|Yale-JC0638.1|2021),,,,,,,,,
17,,,,,,,,,,Unknown(CT|Yale-JC0326|2009),,,,,,,,,
17,,,,,,,,,,Unknown(CT|Yale-JC0327|2009),,,,,,,,,
17,,,,,,,,,,Unknown(CT|Yale-JC0356|2009),,,,,,,,,
17,,,,,,,,,,Unknown(CT|Yale-JC0623|2019),,,,,,,,,
17,,,,,,,,,,Unknown(CT|Yale-JC0109|2003),,,,,,,,,
17,,,,,,,,,,Unknown(CT|Yale-JC0431|2011),,,,,,,,,
17,,,,,,,,,,Unknown(CT|Yale-JC0662|2022),,,,,,,,,
17,,,,,,,,,,Unknown(CT|Yale-JC0428|2011),,,,,,,,,
17,,,,,,,,,,Unknown(CT|Yale-JC0568|2018),,,,,,,,,
17,,,,,,,,,,Unknown(CT|Yale-JC0624|2019),,,,,,,,,
17,,,,,,,,,,Unknown(CT|Yale-JC0146|2004),,,,,,,,,
17,,,,,,,,,,Unknown(CT|Yale-JC0147|2004),,,,,,,,,
17,,,,,,,,,,Unknown(CT|Yale-JC0148|2004),,,,,,,,,
17,,,,,,,,,,Unknown(CT|Yale-JC0178|2005),,,,,,,,,
17,,,,,,,,,,Unknown(CT|Yale-JC0301|2008),,,,,,,,,
17,,,,,,,,,,Unknown(CT|Yale-JC0308|2008),,,,,,,,,
17,,,,,,,,,,Unknown(CT|Yale-JC0315|2008),,,,,,,,,
17,,,,,,,,,,Unknown(CT|Yale-JC0341|2009),,,,,,,,,
17,,,,,,,,,,Unknown(CT|Yale-JC0411|2011),,,,,,,,,
17,,,,,,,,,,Unknown(NY|Yale-JC0675|2008),,,,,,,,,
17,,,,,,,,,,Unknown(CT|Yale-JC0594|2018),,,,,,,,,
17,,,,,,,,,,Unknown(CT|Yale-JC0596|2018),,,,,,,,,
17,,,,,,,,,,Unknown(CT|Yale-JC0600|2018),,,,,,,,,
17,,,,,,,,,,Unknown(CT|Yale-JC0597|2018),,,,,,,,,
17,,,,,,,,,,Unknown(CT|Yale-JC0595|2018),,,,,,,,,
17,,,,,,,,,,Unknown(NY|Yale-JC0747|2020),,,,,,,,,
17,,,,,,,,,,Unknown(NY|Yale-JC0765|2022),,,,,,,,,
17,,,,,,,,,,Unknown(CT|Yale-JC0439|2011),,,,,,,,,
17,,,,,,,,,,Unknown(CT|Yale-JC0635|2020),,,,,,,,,
17,,,,,,,,,,Unknown(CT|Yale-JC0608|2019),,,,,,,,,
17,,,,,,,,,,Unknown(NY|Yale-JC0682|2009),,,,,,,,,
17,,,,,,,,,,Unknown(NY|Yale-JC0755|2021),,,,,,,,,
17,,,,,,,,,,Unknown(NY|Yale-JC0753|2021),,,,,,,,,
17,,,,,,,,,,Unknown(NY|JC22|2014),,,,,,,,,
17,,,,,,,,,,Unknown(CT|Yale-JC0648|2021),,,,,,,,,
17,,,,,,,,,,Unknown(NY|Yale-JC0702|2012),,,,,,,,,
17,,,,,,,,,,Unknown(NY|JC05|2004),,,,,,,,,
17,,,,,,,,,,Unknown(NY|JC07|2006),,,,,,,,,
17,,,,,,,,,,Unknown(NY|JC21|2013),,,,,,,,,
17,,,,,,,,,,Unknown(NY|Yale-JC0669|2008),,,,,,,,,
17,,,,,,,,,,Unknown(NY|Yale-JC0698|2012),,,,,,,,,
17,,,,,,,,,,Unknown(NY|Yale-JC0728|2017),,,,,,,,,
17,,,,,,,,,,Unknown(NY|Yale-JC0732|2019),,,,,,,,,
17,,,,,,,,,,Unknown(NY|Yale-JC0720|2015),,,,,,,,,
17,,,,,,,,,,Unknown(NY|Yale-JC0697|2012),,,,,,,,,
17,,,,,,,,,,Unknown(NY|Yale-JC0710|2014),,,,,,,,,
17,,,,,,,,,,Unknown(NY|Yale-JC0727|2018),,,,,,,,,
17,,,,,,,,,,Unknown(NY|Yale-JC0711|2014),,,,,,,,,
17,,,,,,,,,,Unknown(NY|Yale-JC0734|2019),,,,,,,,,
17,,,,,,,,,,Unknown(NY|Yale-JC0760|2022),,,,,,,,,
17,,,,,,,,,,Unknown(NY|Yale-JC0746.1|2020),,,,,,,,,
17,,,,,,,,,,Unknown(NY|Yale-JC0750|2020),,,,,,,,,
17,,,,,,,,,,Unknown(NY|Yale-JC0726|2018),,,,,,,,,
17,,,,,,,,,,Unknown(NY|Yale-JC0736|2019),,,,,,,,,
17,,,,,,,,,,Unknown(NY|Yale-JC0730|2018),,,,,,,,,
17,,,,,,,,,,Unknown(NY|Yale-JC0696|2012),,,,,,,,,
17,,,,,,,,,,Unknown(NY|Yale-JC0733|2019),,,,,,,,,
17,,,,,,,,,,Unknown(NY|Yale-JC0762|2022),,,,,,,,,
17,,,,,,,,,,Unknown(NY|JC060|2022),,,,,,,,,
17,,,,,,,,,,Unknown(NY|JC04|2004),,,,,,,,,
17,,,,,,,,,,Unknown(NY|JC09|2007),,,,,,,,,
17,,,,,,,,,,Unknown(NY|Yale-JC0665|2007),,,,,,,,,
17,,,,,,,,,,Unknown(NY|Yale-JC0671|2008),,,,,,,,,
17,,,,,,,,,,Unknown(NY|Yale-JC0673|2008),,,,,,,,,
17,,,,,,,,,,Unknown(NY|Yale-JC0712|2014),,,,,,,,,
17,,,,,,,,,,Unknown(NY|Yale-JC0756|2021),,,,,,,,,
17,,,,,,,,,,Unknown(NY|Yale-JC0703|2012),,,,,,,,,
17,,,,,,,,,,Unknown(NY|JC23|2014),,,,,,,,,
17,,,,,,,,,,Unknown(NY|Yale-JC0749|2020),,,,,,,,,
17,,,,,,,,,,Unknown(NY|Yale-JC0757|2021),,,,,,,,,
17,,,,,,,,,,Unknown(NY|Yale-JC0692|2011),,,,,,,,,
17,,,,,,,,,,Unknown(NY|Yale-JC0693|2011),,,,,,,,,
17,,,,,,,,,,Unknown(NY|Yale-JC0767|2013),,,,,,,,,
17,,,,,,,,,,Unknown(NY|Yale-JC0748.1|2020),,,,,,,,,
17,,,,,,,,,,Unknown(NY|Yale-JC0681|2009),,,,,,,,,
17,,,,,,,,,,Unknown(NY|Yale-JC0754|2021),,,,,,,,,
17,,,,,,,,,,Unknown(NY|Yale-JC0694|2012),,,,,,,,,
17,,,,,,,,,,Unknown(NY|Yale-JC0695|2012),,,,,,,,,
17,,,,,,,,,,Unknown(NY|Yale-JC0771|2012),,,,,,,,,
17,,,,,,,,,,Unknown(NY|Yale-JC0678|2009),,,,,,,,,
17,,,,,,,,,,Unknown(NY|Yale-JC0680|2009),,,,,,,,,
17,,,,,,,,,,Unknown(NY|Yale-JC0725|2018),,,,,,,,,
17,,,,,,,,,,Unknown(NY|Yale-JC0716|2015),,,,,,,,,
17,,,,,,,,,,Unknown(NY|Yale-JC0707|2014),,,,,,,,,
17,,,,,,,,,,Unknown(NY|Yale-JC0743.1|2020),,,,,,,,,
17,,,,,,,,,,Unknown(NY|Yale-JC0676|2009),,,,,,,,,
17,,,,,,,,,,Unknown(NY|Yale-JC0677|2009),,,,,,,,,
17,,,,,,,,,,Unknown(NY|Yale-JC0700|2012),,,,,,,,,
17,,,,,,,,,,Unknown(NY|Yale-JC0763|2022),,,,,,,,,
17,,,,,,,,,,Unknown(PA|Yale-JC0813|2023),,,,,,,,,
17,,,,,,,,,,Unknown(NY|Yale-JC0706|2014),,,,,,,,,
17,,,,,,,,,,Unknown(NY|Yale-JC0722|2018),,,,,,,,,
17,,,,,,,,,,Unknown(NY|Yale-JC0715|2015),,,,,,,,,
17,,,,,,,,,,Unknown(NY|Yale-JC0684|2020),,,,,,,,,
17,,,,,,,,,,Unknown(NY|Yale-JC0737|2020),,,,,,,,,
17,,,,,,,,,,Unknown(NY|Yale-JC0742|2020),,,,,,,,,
17,,,,,,,,,,Unknown(NY|Yale-JC0705|2014),,,,,,,,,
17,,,,,,,,,,Unknown(NY|Yale-JC0666|2008),,,,,,,,,
17,,,,,,,,,,Unknown(NY|Yale-JC0667|2008),,,,,,,,,
17,,,,,,,,,,Unknown(NY|Yale-JC0679|2009),,,,,,,,,
17,,,,,,,,,,Unknown(NY|Yale-JC0687|2010),,,,,,,,,
17,,,,,,,,,,Unknown(NY|Yale-JC0688|2010),,,,,,,,,
17,,,,,,,,,,Unknown(NY|Yale-JC0689|2010),,,,,,,,,
17,,,,,,,,,,Unknown(NY|Yale-JC0690|2011),,,,,,,,,
17,,,,,,,,,,Unknown(NY|Yale-JC0769|2012),,,,,,,,,
17,,,,,,,,,,Unknown(NY|Yale-JC0708|2014),,,,,,,,,
17,,,,,,,,,,Unknown(NY|Yale-JC0709|2014),,,,,,,,,
17,,,,,,,,,,Unknown(NY|Yale-JC0744|2020),,,,,,,,,
17,,,,,,,,,,Unknown(NY|Yale-JC0766|2020),,,,,,,,,
17,,,,,,,,,,Unknown(NY|Yale-JC0745|2013),,,,,,,,,
17,,,,,,,,,,Unknown(NY|Yale-JC0701|2012),,,,,,,,,
17,,,,,,,,,,Unknown(CT|Yale-JC0601|2018),,,,,,,,,
17,,,,,,,,,,Unknown(NY|Yale-JC0731|2019),,,,,,,,,
17,,,,,,,,,,Unknown(NY|Yale-JC0758|2022),,,,,,,,,
,,,,,,,,,,,,,,,,,,,
18,18,875,5640,851,5612,850,5612,^NY|JC333|2022,NY|Yale-JC0727|2018,Unknown (CT|Yale-JC0247|2006),NS,1.21E-04,NS,1.28E-15,4.92E-03,6.48E-12,NS,NS,NS
18,,,,,,,,,NY|JC05|2004,Unknown(CT|Yale-JC0003|1997),,,,,,,,,
18,,,,,,,,,NY|JC21|2013,Unknown(CT|Yale-JC0177|2005),,,,,,,,,
18,,,,,,,,,NY|Yale-JC0669|2008,Unknown(CT|Yale-JC0577|2018),,,,,,,,,
18,,,,,,,,,NY|Yale-JC0710|2014,Unknown(CT|Yale-JC0036|2000),,,,,,,,,
18,,,,,,,,,NY|Yale-JC0711|2014,Unknown(CT|Yale-JC0041|2000),,,,,,,,,
18,,,,,,,,,NY|Yale-JC0734|2019,Unknown(CT|Yale-JC0056|2002),,,,,,,,,
18,,,,,,,,,NY|Yale-JC0760|2022,Unknown(CT|Yale-JC0062|2002),,,,,,,,,
18,,,,,,,,,NY|Yale-JC0746.1|2020,Unknown(CT|Yale-JC0142|2003),,,,,,,,,
18,,,,,,,,,NY|Yale-JC0750|2020,Unknown(CT|Yale-JC0548|2017),,,,,,,,,
18,,,,,,,,,NY|JC060|2022,Unknown(CT|Yale-JC0583|2018),,,,,,,,,
18,,,,,,,,,,Unknown(CT|Yale-JC0053|2001),,,,,,,,,
18,,,,,,,,,,Unknown(CT|Yale-JC0098|2003),,,,,,,,,
18,,,,,,,,,,Unknown(CT|Yale-JC0310|2008),,,,,,,,,
18,,,,,,,,,,Unknown(CT|Yale-JC0389|2011),,,,,,,,,
18,,,,,,,,,,Unknown(CT|Yale-JC0372.1|2010),,,,,,,,,
18,,,,,,,,,,Unknown(CT|Yale-JC0359|2010),,,,,,,,,
18,,,,,,,,,,Unknown(CT|Yale-JC0420|2011),,,,,,,,,
18,,,,,,,,,,Unknown(CT|Yale-JC0451|2012),,,,,,,,,
18,,,,,,,,,,Unknown(CT|Yale-JC0397|2011),,,,,,,,,
18,,,,,,,,,,Unknown(CT|Yale-JC0475|2014),,,,,,,,,
18,,,,,,,,,,Unknown(CT|Yale-JC0586|2018),,,,,,,,,
18,,,,,,,,,,Unknown(CT|Yale-JC0599|2018),,,,,,,,,
18,,,,,,,,,,Unknown(CT|Yale-JC0650|2021),,,,,,,,,
18,,,,,,,,,,Unknown(CT|Yale-JC0537.1|2017),,,,,,,,,
18,,,,,,,,,,Unknown(NY|JC29|2017),,,,,,,,,
18,,,,,,,,,,Unknown(NY|Yale-JC0768|2017),,,,,,,,,
18,,,,,,,,,,Unknown(CT|Yale-JC0628|2020),,,,,,,,,
18,,,,,,,,,,Unknown(CT|Yale-JC0270|2007),,,,,,,,,
18,,,,,,,,,,Unknown(CT|Yale-JC0299|2008),,,,,,,,,
18,,,,,,,,,,Unknown(CT|Yale-JC0302|2008),,,,,,,,,
18,,,,,,,,,,Unknown(CT|Yale-JC0298|2007),,,,,,,,,
18,,,,,,,,,,Unknown(CT|Yale-JC0318|2008),,,,,,,,,
18,,,,,,,,,,Unknown(CT|Yale-JC0320|2009),,,,,,,,,
18,,,,,,,,,,Unknown(CT|Yale-JC0319|2009),,,,,,,,,
18,,,,,,,,,,Unknown(CT|Yale-JC0087|2003),,,,,,,,,
18,,,,,,,,,,Unknown(CT|Yale-JC0354|2009),,,,,,,,,
18,,,,,,,,,,Unknown(CT|Yale-JC0578|2018),,,,,,,,,
18,,,,,,,,,,Unknown(CT|Yale-JC0620|2019),,,,,,,,,
18,,,,,,,,,,Unknown(CT|Yale-JC0651|2021),,,,,,,,,
18,,,,,,,,,,Unknown(CT|Yale-JC0664|2022),,,,,,,,,
18,,,,,,,,,,Unknown(CT|Yale-JC0645|2021),,,,,,,,,
18,,,,,,,,,,Unknown(NY|JC10|2008),,,,,,,,,
18,,,,,,,,,,Unknown(NY|Yale-JC0674|2008),,,,,,,,,
18,,,,,,,,,,Unknown(CT|Yale-JC0480|2014),,,,,,,,,
18,,,,,,,,,,Unknown(CT|Yale-JC0070|2002),,,,,,,,,
18,,,,,,,,,,Unknown(CT|Yale-JC0340|2009),,,,,,,,,
18,,,,,,,,,,Unknown(NY|JC16|2011),,,,,,,,,
18,,,,,,,,,,Unknown(CT|Yale-JC0083|2003),,,,,,,,,
18,,,,,,,,,,Unknown(ND|Yale-JC0160|2004),,,,,,,,,
18,,,,,,,,,,Unknown(CT|Yale-JC0258|2006),,,,,,,,,
18,,,,,,,,,,Unknown(CT|Yale-JC0241|2006),,,,,,,,,
18,,,,,,,,,,Unknown(CT|Yale-JC0448|2012),,,,,,,,,
18,,,,,,,,,,Unknown(CT|Yale-JC0135|2003),,,,,,,,,
18,,,,,,,,,,Unknown(CT|Yale-JC0140|2003),,,,,,,,,
18,,,,,,,,,,Unknown(CT|Yale-JC0363|2010),,,,,,,,,
18,,,,,,,,,,Unknown(CT|Yale-JC0521|2016),,,,,,,,,
18,,,,,,,,,,Unknown(CT|Yale-JC0523|2016),,,,,,,,,
18,,,,,,,,,,Unknown(CT|Yale-JC0618|2019),,,,,,,,,
18,,,,,,,,,,Unknown(CT|Yale-JC0388|2011),,,,,,,,,
18,,,,,,,,,,Unknown(CT|Yale-JC0503|2016),,,,,,,,,
18,,,,,,,,,,Unknown(CT|Yale-JC0561|2018),,,,,,,,,
18,,,,,,,,,,Unknown(CT|Yale-JC0584|2018),,,,,,,,,
18,,,,,,,,,,Unknown(CT|Yale-JC0598|2018),,,,,,,,,
18,,,,,,,,,,Unknown(CT|Yale-JC0621|2019),,,,,,,,,
18,,,,,,,,,,Unknown(CT|Yale-JC0573|2018),,,,,,,,,
18,,,,,,,,,,Unknown(CT|Yale-JC0634|2020),,,,,,,,,
18,,,,,,,,,,Unknown(CT|Yale-JC0632|2020),,,,,,,,,
18,,,,,,,,,,Unknown(CT|Yale-JC0409|2011),,,,,,,,,
18,,,,,,,,,,Unknown(CT|Yale-JC0501|2015),,,,,,,,,
18,,,,,,,,,,Unknown(CT|Yale-JC0514|2016),,,,,,,,,
18,,,,,,,,,,Unknown(CT|Yale-JC0661|2022),,,,,,,,,
18,,,,,,,,,,Unknown(CT|Yale-JC0102|2003),,,,,,,,,
18,,,,,,,,,,Unknown(CT|Yale-JC0103|2003),,,,,,,,,
18,,,,,,,,,,Unknown(CT|Yale-JC0290|2007),,,,,,,,,
18,,,,,,,,,,Unknown(CT|Yale-JC0300|2008),,,,,,,,,
18,,,,,,,,,,Unknown(CT|Yale-JC0304|2008),,,,,,,,,
18,,,,,,,,,,Unknown(CT|Yale-JC0303|2008),,,,,,,,,
18,,,,,,,,,,Unknown(CT|Yale-JC0552|2017),,,,,,,,,
18,,,,,,,,,,Unknown(CT|Yale-JC0198|2005),,,,,,,,,
18,,,,,,,,,,Unknown(CT|Yale-JC0335|2009),,,,,,,,,
18,,,,,,,,,,Unknown(CT|Yale-JC0355|2009),,,,,,,,,
18,,,,,,,,,,Unknown(ND|Yale-JC0158|2004),,,,,,,,,
18,,,,,,,,,,Unknown(CT|Yale-JC0477|2014),,,,,,,,,
18,,,,,,,,,,Unknown(CT|Yale-JC0482|2014),,,,,,,,,
18,,,,,,,,,,Unknown(CT|Yale-JC0464.1|2013),,,,,,,,,
18,,,,,,,,,,Unknown(CT|Yale-JC0443|2012),,,,,,,,,
18,,,,,,,,,,Unknown(CT|Yale-JC0399|2011),,,,,,,,,
18,,,,,,,,,,Unknown(CT|Yale-JC0400|2011),,,,,,,,,
18,,,,,,,,,,Unknown(CT|Yale-JC0408|2011),,,,,,,,,
18,,,,,,,,,,Unknown(CT|Yale-JC0423|2011),,,,,,,,,
18,,,,,,,,,,Unknown(CT|Yale-JC0425|2011),,,,,,,,,
18,,,,,,,,,,Unknown(CT|Yale-JC0426|2011),,,,,,,,,
18,,,,,,,,,,Unknown(CT|Yale-JC0401|2011),,,,,,,,,
18,,,,,,,,,,Unknown(CT|Yale-JC0407|2011),,,,,,,,,
18,,,,,,,,,,Unknown(CT|Yale-JC0402|2011),,,,,,,,,
18,,,,,,,,,,Unknown(CT|Yale-JC0406|2011),,,,,,,,,
18,,,,,,,,,,Unknown(CT|Yale-JC0404|2011),,,,,,,,,
18,,,,,,,,,,Unknown(CT|Yale-JC0435|2011),,,,,,,,,
18,,,,,,,,,,Unknown(CT|Yale-JC0422|2011),,,,,,,,,
18,,,,,,,,,,Unknown(CT|Yale-JC0405|2011),,,,,,,,,
18,,,,,,,,,,Unknown(CT|Yale-JC0461|2013),,,,,,,,,
18,,,,,,,,,,Unknown(CT|Yale-JC0490|2014),,,,,,,,,
18,,,,,,,,,,Unknown(CT|Yale-JC0622|2019),,,,,,,,,
18,,,,,,,,,,Unknown(CT|Yale-JC0424|2011),,,,,,,,,
18,,,,,,,,,,Unknown(CT|Yale-JC0499|2015),,,,,,,,,
18,,,,,,,,,,Unknown(CT|Yale-JC0168|2005),,,,,,,,,
18,,,,,,,,,,Unknown(CT|Yale-JC0239|2006),,,,,,,,,
18,,,,,,,,,,Unknown(CT|Yale-JC0371|2010),,,,,,,,,
18,,,,,,,,,,Unknown(CT|Yale-JC0556|2018),,,,,,,,,
18,,,,,,,,,,Unknown(CT|Yale-JC0419|2011),,,,,,,,,
18,,,,,,,,,,Unknown(CT|Yale-JC0250|2006),,,,,,,,,
18,,,,,,,,,,Unknown(CT|Yale-JC0171|2005),,,,,,,,,
18,,,,,,,,,,Unknown(CT|Yale-JC0184.1|2005),,,,,,,,,
18,,,,,,,,,,Unknown(CT|Yale-JC0015|1999),,,,,,,,,
18,,,,,,,,,,Unknown(CT|Yale-JC0016|1999),,,,,,,,,
18,,,,,,,,,,Unknown(CT|Yale-JC0018|1999),,,,,,,,,
18,,,,,,,,,,Unknown(CT|Yale-JC0025|2000),,,,,,,,,
18,,,,,,,,,,Unknown(CT|Yale-JC0026|2000),,,,,,,,,
18,,,,,,,,,,Unknown(CT|Yale-JC0350|2009),,,,,,,,,
18,,,,,,,,,,Unknown(CT|Yale-JC0395|2011),,,,,,,,,
18,,,,,,,,,,Unknown(CT|Yale-JC0563|2018),,,,,,,,,
18,,,,,,,,,,Unknown(CT|Yale-JC0564|2018),,,,,,,,,
18,,,,,,,,,,Unknown(CT|Yale-JC0393|2011),,,,,,,,,
18,,,,,,,,,,Unknown(CT|Yale-JC0639|2021),,,,,,,,,
18,,,,,,,,,,Unknown(CT|Yale-JC0569|2018),,,,,,,,,
18,,,,,,,,,,Unknown(CT|Yale-JC0570|2018),,,,,,,,,
18,,,,,,,,,,Unknown(CT|Yale-JC0383|2011),,,,,,,,,
18,,,,,,,,,,Unknown(CT|Yale-JC0385|2011),,,,,,,,,
18,,,,,,,,,,Unknown(CT|Yale-JC0394|2011),,,,,,,,,
18,,,,,,,,,,Unknown(CT|Yale-JC0472|2014),,,,,,,,,
18,,,,,,,,,,Unknown(CT|Yale-JC0471|2014),,,,,,,,,
18,,,,,,,,,,Unknown(CT|Yale-JC0496|2015),,,,,,,,,
18,,,,,,,,,,Unknown(CT|Yale-JC0602.1|2019),,,,,,,,,
18,,,,,,,,,,Unknown(CT|Yale-JC0554|2018),,,,,,,,,
18,,,,,,,,,,Unknown(CT|Yale-JC0382|2011),,,,,,,,,
18,,,,,,,,,,Unknown(CT|Yale-JC0051|2001),,,,,,,,,
18,,,,,,,,,,Unknown(CT|Yale-JC0453|2013),,,,,,,,,
18,,,,,,,,,,Unknown(CT|Yale-JC0068|2002),,,,,,,,,
18,,,,,,,,,,Unknown(CT|Yale-JC0379|2010),,,,,,,,,
18,,,,,,,,,,Unknown(CT|Yale-JC0587|2018),,,,,,,,,
18,,,,,,,,,,Unknown(CT|Yale-JC0334|2009),,,,,,,,,
18,,,,,,,,,,Unknown(CT|Yale-JC0332|2009),,,,,,,,,
18,,,,,,,,,,Unknown(CT|Yale-JC0333|2009),,,,,,,,,
18,,,,,,,,,,Unknown(CT|Yale-JC0034|2000),,,,,,,,,
18,,,,,,,,,,Unknown(CT|Yale-JC0238|2006),,,,,,,,,
18,,,,,,,,,,Unknown(CT|Yale-JC0244|2006),,,,,,,,,
18,,,,,,,,,,Unknown(CT|Yale-JC0245|2006),,,,,,,,,
18,,,,,,,,,,Unknown(CT|Yale-JC0259|2007),,,,,,,,,
18,,,,,,,,,,Unknown(MA|Yale-JC0782|2023),,,,,,,,,
18,,,,,,,,,,Unknown(MA|Yale-JC0783|2023),,,,,,,,,
18,,,,,,,,,,Unknown(CT|Yale-JC0179|2005),,,,,,,,,
18,,,,,,,,,,Unknown(CT|Yale-JC0582|2018),,,,,,,,,
18,,,,,,,,,,Unknown(CT|Yale-JC0646|2021),,,,,,,,,
18,,,,,,,,,,Unknown(CT|Yale-JC0647|2021),,,,,,,,,
18,,,,,,,,,,Unknown(CT|Yale-JC0028|2000),,,,,,,,,
18,,,,,,,,,,Unknown(CT|Yale-JC0037|2000),,,,,,,,,
18,,,,,,,,,,Unknown(CT|Yale-JC0030|2000),,,,,,,,,
18,,,,,,,,,,Unknown(CT|Yale-JC0588|2018),,,,,,,,,
18,,,,,,,,,,Unknown(CT|Yale-JC0525|2016),,,,,,,,,
18,,,,,,,,,,Unknown(CT|Yale-JC0533.1|2017),,,,,,,,,
18,,,,,,,,,,Unknown(CT|Yale-JC0019|1999),,,,,,,,,
18,,,,,,,,,,Unknown(CT|Yale-JC0020|1999),,,,,,,,,
18,,,,,,,,,,Unknown(CT|Yale-JC0059|2002),,,,,,,,,
18,,,,,,,,,,Unknown(CT|Yale-JC0099|2003),,,,,,,,,
18,,,,,,,,,,Unknown(CT|Yale-JC0231|2006),,,,,,,,,
18,,,,,,,,,,Unknown(CT|Yale-JC0237|2006),,,,,,,,,
18,,,,,,,,,,Unknown(CT|Yale-JC0112|2003),,,,,,,,,
18,,,,,,,,,,Unknown(CT|Yale-JC0113|2003),,,,,,,,,
18,,,,,,,,,,Unknown(CT|Yale-JC0100|2003),,,,,,,,,
18,,,,,,,,,,Unknown(CT|Yale-JC0111|2003),,,,,,,,,
18,,,,,,,,,,Unknown(CT|Yale-JC0236|2006),,,,,,,,,
18,,,,,,,,,,Unknown(ND|Yale-JC0133|2003),,,,,,,,,
18,,,,,,,,,,Unknown(ND|Yale-JC0129.1|2003),,,,,,,,,
18,,,,,,,,,,Unknown(CT|Yale-JC0633|2020),,,,,,,,,
18,,,,,,,,,,Unknown(CT|Yale-JC0170|2005),,,,,,,,,
18,,,,,,,,,,Unknown(CT|Yale-JC0288|2007),,,,,,,,,
18,,,,,,,,,,Unknown(CT|Yale-JC0376|2010),,,,,,,,,
18,,,,,,,,,,Unknown(CT|Yale-JC0377|2010),,,,,,,,,
18,,,,,,,,,,Unknown(CT|Yale-JC0289|2007),,,,,,,,,
18,,,,,,,,,,Unknown(CT|Yale-JC0183|2005),,,,,,,,,
18,,,,,,,,,,Unknown(CT|Yale-JC0234|2006),,,,,,,,,
18,,,,,,,,,,Unknown(CT|Yale-JC0240|2006),,,,,,,,,
18,,,,,,,,,,Unknown(CT|Yale-JC0433|2011),,,,,,,,,
18,,,,,,,,,,Unknown(CT|Yale-JC0502|2015),,,,,,,,,
18,,,,,,,,,,Unknown(CT|Yale-JC0560|2018),,,,,,,,,
18,,,,,,,,,,Unknown(CT|Yale-JC0551|2017),,,,,,,,,
18,,,,,,,,,,Unknown(NY|JC08|2007),,,,,,,,,
18,,,,,,,,,,Unknown(NY|JC02|2003),,,,,,,,,
18,,,,,,,,,,Unknown(NY|JC17|2011),,,,,,,,,
18,,,,,,,,,,Unknown(NY|Yale-JC0718.1|2014),,,,,,,,,
18,,,,,,,,,,Unknown(NY|Yale-JC0719|2014),,,,,,,,,
18,,,,,,,,,,Unknown(CT|Yale-JC0513|2016),,,,,,,,,
18,,,,,,,,,,Unknown(CT|Yale-JC0515|2016),,,,,,,,,
18,,,,,,,,,,Unknown(CT|Yale-JC0516|2016),,,,,,,,,
18,,,,,,,,,,Unknown(NY|JC32|2019),,,,,,,,,
18,,,,,,,,,,Unknown(CT|Yale-JC0526|2016),,,,,,,,,
18,,,,,,,,,,Unknown(NY|Yale-JC0672|2008),,,,,,,,,
18,,,,,,,,,,Unknown(CT|Yale-JC0654|2021),,,,,,,,,
18,,,,,,,,,,Unknown(CT|Yale-JC0063|2002),,,,,,,,,
18,,,,,,,,,,Unknown(CT|Yale-JC0172|2005),,,,,,,,,
18,,,,,,,,,,Unknown(CT|Yale-JC0071|2002),,,,,,,,,
18,,,,,,,,,,Unknown(CT|Yale-JC0249|2006),,,,,,,,,
18,,,,,,,,,,Unknown(CT|Yale-JC0609|2019),,,,,,,,,
18,,,,,,,,,,Unknown(CT|Yale-JC0361|2010),,,,,,,,,
18,,,,,,,,,,Unknown(CT|Yale-JC0497|2015),,,,,,,,,
18,,,,,,,,,,Unknown(CT|Yale-JC0542|2017),,,,,,,,,
18,,,,,,,,,,Unknown(NY|Yale-JC0764|2022),,,,,,,,,
18,,,,,,,,,,Unknown(CT|Yale-JC0167|2005),,,,,,,,,
18,,,,,,,,,,Unknown(CT|Yale-JC0013|1998),,,,,,,,,
18,,,,,,,,,,Unknown(CT|Yale-JC0101|2003),,,,,,,,,
18,,,,,,,,,,Unknown(CT|Yale-JC0442|2012),,,,,,,,,
18,,,,,,,,,,Unknown(CT|Yale-JC0116|2003),,,,,,,,,
18,,,,,,,,,,Unknown(CT|Yale-JC0396|2011),,,,,,,,,
18,,,,,,,,,,Unknown(CT|Yale-JC0375|2010),,,,,,,,,
18,,,,,,,,,,Unknown(CT|Yale-JC0031|2000),,,,,,,,,
18,,,,,,,,,,Unknown(CT|Yale-JC0040|2000),,,,,,,,,
18,,,,,,,,,,Unknown(CT|Yale-JC0080|2003),,,,,,,,,
18,,,,,,,,,,Unknown(CT|Yale-JC0134|2003),,,,,,,,,
18,,,,,,,,,,Unknown(CT|Yale-JC0058.1|2002),,,,,,,,,
18,,,,,,,,,,Unknown(CT|Yale-JC0429|2011),,,,,,,,,
18,,,,,,,,,,Unknown(CT|Yale-JC0444|2012),,,,,,,,,
18,,,,,,,,,,Unknown(CT|Yale-JC0114|2003),,,,,,,,,
18,,,,,,,,,,Unknown(CT|Yale-JC0285|2007),,,,,,,,,
18,,,,,,,,,,Unknown(CT|Yale-JC0390|2011),,,,,,,,,
18,,,,,,,,,,Unknown(CT|Yale-JC0440|2012),,,,,,,,,
18,,,,,,,,,,Unknown(CT|Yale-JC0544|2017),,,,,,,,,
18,,,,,,,,,,Unknown(CT|Yale-JC0545|2017),,,,,,,,,
18,,,,,,,,,,Unknown(CT|Yale-JC0546|2017),,,,,,,,,
18,,,,,,,,,,Unknown(CT|Yale-JC0347|2009),,,,,,,,,
18,,,,,,,,,,Unknown(CT|Yale-JC0592|2018),,,,,,,,,
18,,,,,,,,,,Unknown(CT|Yale-JC0137|2003),,,,,,,,,
18,,,,,,,,,,Unknown(CT|Yale-JC0294|2007),,,,,,,,,
18,,,,,,,,,,Unknown(CT|Yale-JC0307|2008),,,,,,,,,
18,,,,,,,,,,Unknown(CT|Yale-JC0360|2010),,,,,,,,,
18,,,,,,,,,,Unknown(CT|Yale-JC0470|2014),,,,,,,,,
18,,,,,,,,,,Unknown(CT|Yale-JC0487|2014),,,,,,,,,
18,,,,,,,,,,Unknown(CT|Yale-JC0495|2015),,,,,,,,,
18,,,,,,,,,,Unknown(CT|Yale-JC0494|2015),,,,,,,,,
18,,,,,,,,,,Unknown(CT|Yale-JC0493|2015),,,,,,,,,
18,,,,,,,,,,Unknown(CT|Yale-JC0520|2016),,,,,,,,,
18,,,,,,,,,,Unknown(CT|Yale-JC0507|2016),,,,,,,,,
18,,,,,,,,,,Unknown(CT|Yale-JC0656|2022),,,,,,,,,
18,,,,,,,,,,Unknown(CT|Yale-JC0658|2022),,,,,,,,,
18,,,,,,,,,,Unknown(CT|Yale-JC0456|2013),,,,,,,,,
18,,,,,,,,,,Unknown(CT|Yale-JC0457|2013),,,,,,,,,
18,,,,,,,,,,Unknown(CT|Yale-JC0559|2018),,,,,,,,,
18,,,,,,,,,,Unknown(CT|Yale-JC0605|2019),,,,,,,,,
18,,,,,,,,,,Unknown(CT|Yale-JC0615|2019),,,,,,,,,
18,,,,,,,,,,Unknown(CT|Yale-JC0263|2007),,,,,,,,,
18,,,,,,,,,,Unknown(CT|Yale-JC0264|2007),,,,,,,,,
18,,,,,,,,,,Unknown(CT|Yale-JC0265|2007),,,,,,,,,
18,,,,,,,,,,Unknown(CT|Yale-JC0274|2007),,,,,,,,,
18,,,,,,,,,,Unknown(CT|Yale-JC0275|2007),,,,,,,,,
18,,,,,,,,,,Unknown(CT|Yale-JC0276|2007),,,,,,,,,
18,,,,,,,,,,Unknown(CT|Yale-JC0277|2007),,,,,,,,,
18,,,,,,,,,,Unknown(CT|Yale-JC0364|2010),,,,,,,,,
18,,,,,,,,,,Unknown(CT|Yale-JC0278|2007),,,,,,,,,
18,,,,,,,,,,Unknown(CT|Yale-JC0630|2020),,,,,,,,,
18,,,,,,,,,,Unknown(CT|Yale-JC0611|2019),,,,,,,,,
18,,,,,,,,,,Unknown(CT|Yale-JC0505|2016),,,,,,,,,
18,,,,,,,,,,Unknown(CT|Yale-JC0566|2018),,,,,,,,,
18,,,,,,,,,,Unknown(CT|Yale-JC0538|2017),,,,,,,,,
18,,,,,,,,,,Unknown(CT|Yale-JC0351|2009),,,,,,,,,
18,,,,,,,,,,Unknown(CT|Yale-JC0254|2006),,,,,,,,,
18,,,,,,,,,,Unknown(CT|Yale-JC0316|2008),,,,,,,,,
18,,,,,,,,,,Unknown(CT|Yale-JC0413|2011),,,,,,,,,
18,,,,,,,,,,Unknown(ND|Yale-JC0122|2003),,,,,,,,,
18,,,,,,,,,,Unknown(CT|Yale-JC0115|2003),,,,,,,,,
18,,,,,,,,,,Unknown(CT|Yale-JC0243|2006),,,,,,,,,
18,,,,,,,,,,Unknown(CT|Yale-JC0232|2006),,,,,,,,,
18,,,,,,,,,,Unknown(CT|Yale-JC0476|2014),,,,,,,,,
18,,,,,,,,,,Unknown(CT|Yale-JC0550|2017),,,,,,,,,
18,,,,,,,,,,Unknown(CT|Yale-JC0266|2007),,,,,,,,,
18,,,,,,,,,,Unknown(CT|Yale-JC0306|2008),,,,,,,,,
18,,,,,,,,,,Unknown(CT|Yale-JC0284|2007),,,,,,,,,
18,,,,,,,,,,Unknown(CT|Yale-JC0441|2012),,,,,,,,,
18,,,,,,,,,,Unknown(CT|Yale-JC0478|2014),,,,,,,,,
18,,,,,,,,,,Unknown(CT|Yale-JC0565|2018),,,,,,,,,
18,,,,,,,,,,Unknown(CT|Yale-JC0242|2006),,,,,,,,,
18,,,,,,,,,,Unknown(CT|Yale-JC0296|2007),,,,,,,,,
18,,,,,,,,,,Unknown(CT|Yale-JC0403|2011),,,,,,,,,
18,,,,,,,,,,Unknown(CT|Yale-JC0349|2009),,,,,,,,,
18,,,,,,,,,,Unknown(CT|Yale-JC0322|2009),,,,,,,,,
18,,,,,,,,,,Unknown(CT|Yale-JC0462|2013),,,,,,,,,
18,,,,,,,,,,Unknown(CT|Yale-JC0479|2014),,,,,,,,,
18,,,,,,,,,,Unknown(CT|Yale-JC0567|2018),,,,,,,,,
18,,,,,,,,,,Unknown(CT|Yale-JC0432|2011),,,,,,,,,
18,,,,,,,,,,Unknown(CT|Yale-JC0580|2018),,,,,,,,,
18,,,,,,,,,,Unknown(CT|Yale-JC0604.1|2019),,,,,,,,,
18,,,,,,,,,,Unknown(CT|Yale-JC0606|2019),,,,,,,,,
18,,,,,,,,,,Unknown(CT|Yale-JC607.1|2019),,,,,,,,,
18,,,,,,,,,,Unknown(CT|Yale-JC0474|2014),,,,,,,,,
18,,,,,,,,,,Unknown(CT|Yale-JC0488|2014),,,,,,,,,
18,,,,,,,,,,Unknown(CT|Yale-JC0504|2016),,,,,,,,,
18,,,,,,,,,,Unknown(CT|Yale-JC0555|2018),,,,,,,,,
18,,,,,,,,,,Unknown(CT|Yale-JC0575|2018),,,,,,,,,
18,,,,,,,,,,Unknown(CT|Yale-JC0614|2019),,,,,,,,,
18,,,,,,,,,,Unknown(CT|Yale-JC0591|2018),,,,,,,,,
18,,,,,,,,,,Unknown(NY|Yale-JC0761|2022),,,,,,,,,
18,,,,,,,,,,Unknown(CT|Yale-JC0492|2015),,,,,,,,,
18,,,,,,,,,,Unknown(CT|Yale-JC0465|2013),,,,,,,,,
18,,,,,,,,,,Unknown(CT|Yale-JC0251|2006),,,,,,,,,
18,,,,,,,,,,Unknown(CT|Yale-JC0143|2003),,,,,,,,,
18,,,,,,,,,,Unknown(CT|Yale-JC0149|2004),,,,,,,,,
18,,,,,,,,,,Unknown(CT|Yale-JC0374|2010),,,,,,,,,
18,,,,,,,,,,Unknown(ND|Yale-JC0157|2004),,,,,,,,,
18,,,,,,,,,,Unknown(CT|Yale-JC0427|2011),,,,,,,,,
18,,,,,,,,,,Unknown(CT|Yale-JC0357|2009),,,,,,,,,
18,,,,,,,,,,Unknown(CT|Yale-JC0358|2009),,,,,,,,,
18,,,,,,,,,,Unknown(CT|Yale-JC0484|2014),,,,,,,,,
18,,,,,,,,,,Unknown(CT|Yale-JC0660|2022),,,,,,,,,
18,,,,,,,,,,Unknown(CT|Yale-JC0323|2009),,,,,,,,,
18,,,,,,,,,,Unknown(CT|Yale-JC0331|2009),,,,,,,,,
18,,,,,,,,,,Unknown(NY|JC15|2010),,,,,,,,,
18,,,,,,,,,,Unknown(CT|Yale-JC0365|2010),,,,,,,,,
18,,,,,,,,,,Unknown(CT|Yale-JC0366|2010),,,,,,,,,
18,,,,,,,,,,Unknown(CT|Yale-JC0368.1|2010),,,,,,,,,
18,,,,,,,,,,Unknown(CT|Yale-JC0369.1|2010),,,,,,,,,
18,,,,,,,,,,Unknown(CT|Yale-JC0370.1|2010),,,,,,,,,
18,,,,,,,,,,Unknown(CT|Yale-JC0367|2010),,,,,,,,,
18,,,,,,,,,,Unknown(CT|Yale-JC0541|2017),,,,,,,,,
18,,,,,,,,,,Unknown(CT|Yale-JC0032|2000),,,,,,,,,
18,,,,,,,,,,Unknown(CT|Yale-JC0014|1999),,,,,,,,,
18,,,,,,,,,,Unknown(CT|Yale-JC0022|1999),,,,,,,,,
18,,,,,,,,,,Unknown(CT|Yale-JC0076|2003),,,,,,,,,
18,,,,,,,,,,Unknown(ND|Yale-JC0131|2003),,,,,,,,,
18,,,,,,,,,,Unknown(CT|Yale-JC0073.1|2003),,,,,,,,,
18,,,,,,,,,,Unknown(CT|Yale-JC0077.1|2003),,,,,,,,,
18,,,,,,,,,,Unknown(CT|Yale-JC0246|2006),,,,,,,,,
18,,,,,,,,,,Unknown(CT|Yale-JC0248|2006),,,,,,,,,
18,,,,,,,,,,Unknown(CT|Yale-JC0313|2008),,,,,,,,,
18,,,,,,,,,,Unknown(CT|Yale-JC0314|2008),,,,,,,,,
18,,,,,,,,,,Unknown(CT|Yale-JC0362|2010),,,,,,,,,
18,,,,,,,,,,Unknown(ND|Yale-JC0130|2003),,,,,,,,,
18,,,,,,,,,,Unknown(CT|Yale-JC0057|2002),,,,,,,,,
18,,,,,,,,,,Unknown(CT|Yale-JC0613|2019),,,,,,,,,
18,,,,,,,,,,Unknown(CT|Yale-JC0337.1|2009),,,,,,,,,
18,,,,,,,,,,Unknown(CT|Yale-JC0511|2016),,,,,,,,,
18,,,,,,,,,,Unknown(CT|Yale-JC0342|2009),,,,,,,,,
18,,,,,,,,,,Unknown(CT|Yale-JC0279|2007),,,,,,,,,
18,,,,,,,,,,Unknown(CT|Yale-JC0309|2008),,,,,,,,,
18,,,,,,,,,,Unknown(CT|Yale-JC0436|2011),,,,,,,,,
18,,,,,,,,,,Unknown(CT|Yale-JC0519|2016),,,,,,,,,
18,,,,,,,,,,Unknown(CT|Yale-JC0638.1|2021),,,,,,,,,
18,,,,,,,,,,Unknown(CT|Yale-JC0326|2009),,,,,,,,,
18,,,,,,,,,,Unknown(CT|Yale-JC0327|2009),,,,,,,,,
18,,,,,,,,,,Unknown(CT|Yale-JC0623|2019),,,,,,,,,
18,,,,,,,,,,Unknown(CT|Yale-JC0109|2003),,,,,,,,,
18,,,,,,,,,,Unknown(CT|Yale-JC0431|2011),,,,,,,,,
18,,,,,,,,,,Unknown(CT|Yale-JC0662|2022),,,,,,,,,
18,,,,,,,,,,Unknown(CT|Yale-JC0428|2011),,,,,,,,,
18,,,,,,,,,,Unknown(CT|Yale-JC0568|2018),,,,,,,,,
18,,,,,,,,,,Unknown(CT|Yale-JC0624|2019),,,,,,,,,
18,,,,,,,,,,Unknown(CT|Yale-JC0146|2004),,,,,,,,,
18,,,,,,,,,,Unknown(CT|Yale-JC0147|2004),,,,,,,,,
18,,,,,,,,,,Unknown(CT|Yale-JC0148|2004),,,,,,,,,
18,,,,,,,,,,Unknown(CT|Yale-JC0301|2008),,,,,,,,,
18,,,,,,,,,,Unknown(CT|Yale-JC0308|2008),,,,,,,,,
18,,,,,,,,,,Unknown(CT|Yale-JC0315|2008),,,,,,,,,
18,,,,,,,,,,Unknown(CT|Yale-JC0341|2009),,,,,,,,,
18,,,,,,,,,,Unknown(CT|Yale-JC0411|2011),,,,,,,,,
18,,,,,,,,,,Unknown(NY|Yale-JC0675|2008),,,,,,,,,
18,,,,,,,,,,Unknown(CT|Yale-JC0594|2018),,,,,,,,,
18,,,,,,,,,,Unknown(CT|Yale-JC0596|2018),,,,,,,,,
18,,,,,,,,,,Unknown(CT|Yale-JC0600|2018),,,,,,,,,
18,,,,,,,,,,Unknown(CT|Yale-JC0597|2018),,,,,,,,,
18,,,,,,,,,,Unknown(CT|Yale-JC0595|2018),,,,,,,,,
18,,,,,,,,,,Unknown(NY|Yale-JC0747|2020),,,,,,,,,
18,,,,,,,,,,Unknown(NY|Yale-JC0765|2022),,,,,,,,,
18,,,,,,,,,,Unknown(CT|Yale-JC0439|2011),,,,,,,,,
18,,,,,,,,,,Unknown(CT|Yale-JC0635|2020),,,,,,,,,
18,,,,,,,,,,Unknown(CT|Yale-JC0608|2019),,,,,,,,,
18,,,,,,,,,,Unknown(NY|Yale-JC0682|2009),,,,,,,,,
18,,,,,,,,,,Unknown(NY|Yale-JC0755|2021),,,,,,,,,
18,,,,,,,,,,Unknown(NY|JC22|2014),,,,,,,,,
18,,,,,,,,,,Unknown(CT|Yale-JC0612|2019),,,,,,,,,
,,,,,,,,,,,,,,,,,,,
19,19~,5393,444,5366,444,5365,444,^CT|Yale-JC0097.1|2003,Unknown (NY|Yale-JC0762|2022),NY|Yale-JC0724|2018,NS,NS,NS,NS,NS,NS,NS,NS,NS
19,,,,,,,,CA_Manitoba|MH370819.1|1979[P],Unknown(CT|Yale-JC0577|2018),CT|Yale-JC0463|2013,,,,,,,,,
19,,,,,,,,CT|Yale-JC0205|2005[P],Unknown(CT|Yale-JC0041|2000),CT|Yale-JC0601|2018,,,,,,,,,
19,,,,,,,,ND|Yale-JC0121|2003[P],Unknown(CT|Yale-JC0382|2011),PA|Yale-JC0822|2023,,,,,,,,,
19,,,,,,,,CT|Yale-JC0150|2004[T],Unknown(CT|Yale-JC0068|2002),NY|Yale-JC0686|2010,,,,,,,,,
19,,,,,,,,CT|Yale-JC0151|2004[T],Unknown(CT|Yale-JC0244|2006),NY|Yale-JC0721|2017,,,,,,,,,
19,,,,,,,,CT|Yale-JC0153|2004[T],Unknown(CT|Yale-JC0179|2005),NY|Yale-JC0770|2013,,,,,,,,,
19,,,,,,,,CT|Yale-JC0154|2004[T],Unknown(CT|Yale-JC0059|2002),NY|Yale-JC0741|2020,,,,,,,,,
19,,,,,,,,CT|Yale-JC0152|2004[P],Unknown(NY|Yale-JC0672|2008),NY|Yale-JC0772|2019,,,,,,,,,
19,,,,,,,,ND|Yale-JC0194|2005[P],Unknown(CT|Yale-JC0172|2005),PA|Yale-JC0807|2023,,,,,,,,,
19,,,,,,,,ND|Yale-JC0120|2003[P],Unknown(CT|Yale-JC0609|2019),,,,,,,,,,
19,,,,,,,,CT|Yale-JC0123|2003[T],Unknown(CT|Yale-JC0361|2010),,,,,,,,,,
19,,,,,,,,CT|Yale-JC0126|2003[P],Unknown(CT|Yale-JC0542|2017),,,,,,,,,,
19,,,,,,,,CT|Yale-JC0124|2003[T],Unknown(ND|Yale-JC0157|2004),,,,,,,,,,
19,,,,,,,,CT|Yale-JC0125|2003[T],Unknown(CT|Yale-JC0247|2006),,,,,,,,,,
19,,,,,,,,ND|Yale-JC0188|2005[P],Unknown(CT|Yale-JC0613|2019),,,,,,,,,,
19,,,,,,,,ND|Yale-JC0190|2005[P],Unknown(CT|Yale-JC0337.1|2009),,,,,,,,,,
19,,,,,,,,ND|Yale-JC0193|2005[T],Unknown(CT|Yale-JC0623|2019),,,,,,,,,,
19,,,,,,,,ND|Yale-JC0222|2005[T],Unknown(CT|Yale-JC0431|2011),,,,,,,,,,
19,,,,,,,,ND|Yale-JC0223|2005[P],Unknown(CT|Yale-JC0568|2018),,,,,,,,,,
19,,,,,,,,ND|Yale-JC0118|2003[T],Unknown(CT|Yale-JC0608|2019),,,,,,,,,,
19,,,,,,,,ND|Yale-JC0119|2003[P],Unknown(NY|Yale-JC0753|2021),,,,,,,,,,
19,,,,,,,,CT|Yale-JC0127|2003[T],Unknown(CT|Yale-JC0648|2021),,,,,,,,,,
19,,,,,,,,ND|Yale-JC0162|2004[P],Unknown(NY|Yale-JC0669|2008),,,,,,,,,,
19,,,,,,,,ND|Yale-JC0209|2005[T],Unknown(NY|Yale-JC0728|2017),,,,,,,,,,
19,,,,,,,,ND|Yale-JC0214|2005[T],Unknown(NY|Yale-JC0720|2015),,,,,,,,,,
19,,,,,,,,ND|Yale-JC0211|2005[T],Unknown(NY|Yale-JC0697|2012),,,,,,,,,,
19,,,,,,,,ND|Yale-JC0213|2005[T],Unknown(NY|Yale-JC0727|2018),,,,,,,,,,
19,,,,,,,,ND|Yale-JC0215|2005[P],Unknown(NY|Yale-JC0734|2019),,,,,,,,,,
19,,,,,,,,CT|Yale-JC0173|2005[P],Unknown(NY|Yale-JC0746.1|2020),,,,,,,,,,
19,,,,,,,,CT|Yale-JC0161|2004[P],Unknown(NY|Yale-JC0750|2020),,,,,,,,,,
19,,,,,,,,ND|Yale-JC0092.2|2003[P],Unknown(NY|Yale-JC0726|2018),,,,,,,,,,
19,,,,,,,,ND|Yale-JC0192|2005[P],Unknown(NY|Yale-JC0736|2019),,,,,,,,,,
19,,,,,,,,ND|Yale-JC0212|2005[P],Unknown(NY|Yale-JC0733|2019),,,,,,,,,,
19,,,,,,,,ND|Yale-JC0164|2004[P],Unknown(NY|Yale-JC0767|2013),,,,,,,,,,
19,,,,,,,,ND|Yale-JC0195|2005[T],Unknown(NY|Yale-JC0754|2021),,,,,,,,,,
19,,,,,,,,ND|Yale-JC0203|2005[P],Unknown(NY|Yale-JC0694|2012),,,,,,,,,,
19,,,,,,,,ND|Yale-JC0128|2003[P],Unknown(NY|Yale-JC0680|2009),,,,,,,,,,
19,,,,,,,,ND|Yale-JC0253|2006,Unknown(NY|Yale-JC0725|2018),,,,,,,,,,
19,,,,,,,,ND|Yale-JC0091|2003,Unknown(NY|Yale-JC0716|2015),,,,,,,,,,
19,,,,,,,,ND|Yale-JC0196|2005,Unknown(NY|Yale-JC0743.1|2020),,,,,,,,,,
19,,,,,,,,ND|Yale-JC0227|2005,Unknown(NY|Yale-JC0677|2009),,,,,,,,,,
19,,,,,,,,ND|Yale-JC0228|2005[T],Unknown(NY|Yale-JC0700|2012),,,,,,,,,,
19,,,,,,,,ND|Yale-JC0201|2005,Unknown(NY|Yale-JC0763|2022),,,,,,,,,,
19,,,,,,,,ND|Yale-JC0202|2005[T],Unknown(PA|Yale-JC0813|2023),,,,,,,,,,
19,,,,,,,,ND|Yale-JC0255|2006,Unknown(NY|Yale-JC0706|2014),,,,,,,,,,
19,,,,,,,,ND|Yale-JC0256|2006[T],Unknown(NY|Yale-JC0722|2018),,,,,,,,,,
19,,,,,,,,ND|Yale-JC0257|2006,Unknown(NY|Yale-JC0715|2015),,,,,,,,,,
19,,,,,,,,ND|Yale-JC0217|2005,Unknown(NY|Yale-JC0737|2020),,,,,,,,,,
19,,,,,,,,ND|Yale-JC0218|2005[T],Unknown(NY|Yale-JC0705|2014),,,,,,,,,,
19,,,,,,,,NY|JC11|2008[P],Unknown(NY|Yale-JC0666|2008),,,,,,,,,,
19,,,,,,,,MI|Yale-JC0775|2023,Unknown(NY|Yale-JC0688|2010),,,,,,,,,,
19,,,,,,,,,Unknown(NY|Yale-JC0689|2010),,,,,,,,,,
19,,,,,,,,,Unknown(NY|Yale-JC0690|2011),,,,,,,,,,
19,,,,,,,,,Unknown(NY|Yale-JC0769|2012),,,,,,,,,,
19,,,,,,,,,Unknown(NY|Yale-JC0709|2014),,,,,,,,,,
19,,,,,,,,,Unknown(NY|Yale-JC0766|2020),,,,,,,,,,
,,,,,,,,,,,,,,,,,,,
20,20~,5496,12189,5468,12159,5468,12159,NY|Yale-JC0696|2012,NY|Yale-JC0669|2008,Unknown (NY|Yale-JC0686|2010),NS,NS,NS,NS,NS,NS,NS,NS,NS
20,,,,,,,,NY|Yale-JC0702|2012,NY|Yale-JC0702|2012,Unknown(CT|Yale-JC0463|2013),,,,,,,,,
20,,,,,,,,NY|Yale-JC0728|2017[P],NY|Yale-JC0697|2012,Unknown(CT|Yale-JC0601|2018),,,,,,,,,
20,,,,,,,,NY|Yale-JC0720|2015,NY|Yale-JC0710|2014,Unknown(PA|Yale-JC0822|2023),,,,,,,,,
20,,,,,,,,NY|Yale-JC0697|2012,NY|Yale-JC0727|2018,Unknown(NY|Yale-JC0721|2017),,,,,,,,,
20,,,,,,,,NY|Yale-JC0727|2018,NY|Yale-JC0711|2014,Unknown(NY|Yale-JC0770|2013),,,,,,,,,
20,,,,,,,,NY|Yale-JC0734|2019,NY|Yale-JC0760|2022,Unknown(NY|Yale-JC0772|2019),,,,,,,,,
20,,,,,,,,NY|Yale-JC0746.1|2020,NY|Yale-JC0746.1|2020,,,,,,,,,,
20,,,,,,,,NY|Yale-JC0750|2020,NY|Yale-JC0750|2020,,,,,,,,,,
20,,,,,,,,NY|Yale-JC0726|2018,,,,,,,,,,,
,,,,,,,,,,,,,,,,,,,
21,21,5621,11911,5596,11886,5593,11883,^CO|KX817316.1|1961,CT|Yale-JC0382|2011,Unknown (CT|Yale-JC0590|2018),NS,NS,NS,6.08E-11,4.85E-10,3.96E-06,NS,NS,NS
21,,,,,,,,NM|MH900531.1|1977,CT|Yale-JC0003|1997,,,,,,,,,,
21,,,,,,,,,CT|Yale-JC0177|2005,,,,,,,,,,
21,,,,,,,,,CT|Yale-JC0577|2018,,,,,,,,,,
21,,,,,,,,,CT|Yale-JC0036|2000,,,,,,,,,,
21,,,,,,,,,CT|Yale-JC0041|2000,,,,,,,,,,
21,,,,,,,,,CT|Yale-JC0056|2002,,,,,,,,,,
21,,,,,,,,,CT|Yale-JC0062|2002,,,,,,,,,,
21,,,,,,,,,CT|Yale-JC0142|2003,,,,,,,,,,
21,,,,,,,,,CT|Yale-JC0650|2021,,,,,,,,,,
21,,,,,,,,,CT|Yale-JC0298|2007,,,,,,,,,,
21,,,,,,,,,NY|JC10|2008,,,,,,,,,,
21,,,,,,,,,NY|Yale-JC0674|2008,,,,,,,,,,
21,,,,,,,,,CT|Yale-JC0070|2002,,,,,,,,,,
21,,,,,,,,,CT|Yale-JC0340|2009,,,,,,,,,,
21,,,,,,,,,NY|JC16|2011,,,,,,,,,,
21,,,,,,,,,CT|Yale-JC0083|2003,,,,,,,,,,
21,,,,,,,,,ND|Yale-JC0160|2004,,,,,,,,,,
21,,,,,,,,,CT|Yale-JC0258|2006,,,,,,,,,,
21,,,,,,,,,CT|Yale-JC0241|2006,,,,,,,,,,
21,,,,,,,,,CT|Yale-JC0446|2012,,,,,,,,,,
21,,,,,,,,,CT|Yale-JC0448|2012,,,,,,,,,,
21,,,,,,,,,CT|Yale-JC0135|2003,,,,,,,,,,
21,,,,,,,,,CT|Yale-JC0140|2003,,,,,,,,,,
21,,,,,,,,,CT|Yale-JC0363|2010,,,,,,,,,,
21,,,,,,,,,CT|Yale-JC0521|2016,,,,,,,,,,
21,,,,,,,,,CT|Yale-JC0523|2016,,,,,,,,,,
21,,,,,,,,,CT|Yale-JC0618|2019,,,,,,,,,,
21,,,,,,,,,CT|Yale-JC0388|2011,,,,,,,,,,
21,,,,,,,,,CT|Yale-JC0503|2016,,,,,,,,,,
21,,,,,,,,,CT|Yale-JC0561|2018,,,,,,,,,,
21,,,,,,,,,CT|Yale-JC0584|2018,,,,,,,,,,
21,,,,,,,,,CT|Yale-JC0598|2018,,,,,,,,,,
21,,,,,,,,,CT|Yale-JC0621|2019,,,,,,,,,,
21,,,,,,,,,CT|Yale-JC0573|2018,,,,,,,,,,
21,,,,,,,,,CT|Yale-JC0634|2020,,,,,,,,,,
21,,,,,,,,,CT|Yale-JC0632|2020,,,,,,,,,,
21,,,,,,,,,CT|Yale-JC0409|2011,,,,,,,,,,
21,,,,,,,,,CT|Yale-JC0501|2015,,,,,,,,,,
21,,,,,,,,,CT|Yale-JC0514|2016,,,,,,,,,,
21,,,,,,,,,CT|Yale-JC0661|2022,,,,,,,,,,
21,,,,,,,,,CT|Yale-JC0198|2005,,,,,,,,,,
21,,,,,,,,,CT|Yale-JC0335|2009,,,,,,,,,,
21,,,,,,,,,CT|Yale-JC0355|2009,,,,,,,,,,
21,,,,,,,,,ND|Yale-JC0158|2004,,,,,,,,,,
21,,,,,,,,,CT|Yale-JC0477|2014,,,,,,,,,,
21,,,,,,,,,CT|Yale-JC0482|2014,,,,,,,,,,
21,,,,,,,,,CT|Yale-JC0464.1|2013,,,,,,,,,,
21,,,,,,,,,CT|Yale-JC0443|2012,,,,,,,,,,
21,,,,,,,,,CT|Yale-JC0399|2011,,,,,,,,,,
21,,,,,,,,,CT|Yale-JC0400|2011,,,,,,,,,,
21,,,,,,,,,CT|Yale-JC0408|2011,,,,,,,,,,
21,,,,,,,,,CT|Yale-JC0423|2011,,,,,,,,,,
21,,,,,,,,,CT|Yale-JC0425|2011,,,,,,,,,,
21,,,,,,,,,CT|Yale-JC0426|2011,,,,,,,,,,
21,,,,,,,,,CT|Yale-JC0401|2011,,,,,,,,,,
21,,,,,,,,,CT|Yale-JC0407|2011,,,,,,,,,,
21,,,,,,,,,CT|Yale-JC0402|2011,,,,,,,,,,
21,,,,,,,,,CT|Yale-JC0406|2011,,,,,,,,,,
21,,,,,,,,,CT|Yale-JC0404|2011,,,,,,,,,,
21,,,,,,,,,CT|Yale-JC0435|2011,,,,,,,,,,
21,,,,,,,,,CT|Yale-JC0422|2011,,,,,,,,,,
21,,,,,,,,,CT|Yale-JC0405|2011,,,,,,,,,,
21,,,,,,,,,CT|Yale-JC0461|2013,,,,,,,,,,
21,,,,,,,,,CT|Yale-JC0622|2019,,,,,,,,,,
21,,,,,,,,,CT|Yale-JC0424|2011,,,,,,,,,,
21,,,,,,,,,CT|Yale-JC0499|2015,,,,,,,,,,
21,,,,,,,,,CT|Yale-JC0168|2005,,,,,,,,,,
21,,,,,,,,,CT|Yale-JC0239|2006,,,,,,,,,,
21,,,,,,,,,CT|Yale-JC0371|2010,,,,,,,,,,
21,,,,,,,,,CT|Yale-JC0556|2018,,,,,,,,,,
21,,,,,,,,,CT|Yale-JC0419|2011,,,,,,,,,,
21,,,,,,,,,CT|Yale-JC0250|2006,,,,,,,,,,
21,,,,,,,,,CT|Yale-JC0171|2005,,,,,,,,,,
21,,,,,,,,,CT|Yale-JC0184.1|2005,,,,,,,,,,
21,,,,,,,,,CT|Yale-JC0015|1999,,,,,,,,,,
21,,,,,,,,,CT|Yale-JC0016|1999,,,,,,,,,,
21,,,,,,,,,CT|Yale-JC0018|1999,,,,,,,,,,
21,,,,,,,,,CT|Yale-JC0025|2000,,,,,,,,,,
21,,,,,,,,,CT|Yale-JC0026|2000,,,,,,,,,,
21,,,,,,,,,CT|Yale-JC0350|2009,,,,,,,,,,
21,,,,,,,,,CT|Yale-JC0395|2011,,,,,,,,,,
21,,,,,,,,,CT|Yale-JC0532.2|2017,,,,,,,,,,
21,,,,,,,,,CT|Yale-JC0563|2018,,,,,,,,,,
21,,,,,,,,,CT|Yale-JC0564|2018,,,,,,,,,,
21,,,,,,,,,CT|Yale-JC0393|2011,,,,,,,,,,
21,,,,,,,,,CT|Yale-JC0639|2021,,,,,,,,,,
21,,,,,,,,,CT|Yale-JC0383|2011,,,,,,,,,,
21,,,,,,,,,CT|Yale-JC0385|2011,,,,,,,,,,
21,,,,,,,,,CT|Yale-JC0394|2011,,,,,,,,,,
21,,,,,,,,,CT|Yale-JC0472|2014,,,,,,,,,,
21,,,,,,,,,CT|Yale-JC0471|2014,,,,,,,,,,
21,,,,,,,,,CT|Yale-JC0496|2015,,,,,,,,,,
21,,,,,,,,,CT|Yale-JC0602.1|2019,,,,,,,,,,
21,,,,,,,,,CT|Yale-JC0554|2018,,,,,,,,,,
21,,,,,,,,,CT|Yale-JC0051|2001,,,,,,,,,,
21,,,,,,,,,CT|Yale-JC0453|2013,,,,,,,,,,
21,,,,,,,,,CT|Yale-JC0068|2002,,,,,,,,,,
21,,,,,,,,,CT|Yale-JC0379|2010,,,,,,,,,,
21,,,,,,,,,CT|Yale-JC0334|2009,,,,,,,,,,
21,,,,,,,,,CT|Yale-JC0332|2009,,,,,,,,,,
21,,,,,,,,,CT|Yale-JC0384|2011,,,,,,,,,,
21,,,,,,,,,CT|Yale-JC0333|2009,,,,,,,,,,
21,,,,,,,,,CT|Yale-JC0034|2000,,,,,,,,,,
21,,,,,,,,,CT|Yale-JC0054|2001,,,,,,,,,,
21,,,,,,,,,CT|Yale-JC0238|2006,,,,,,,,,,
21,,,,,,,,,CT|Yale-JC0244|2006,,,,,,,,,,
21,,,,,,,,,CT|Yale-JC0245|2006,,,,,,,,,,
21,,,,,,,,,CT|Yale-JC0259|2007,,,,,,,,,,
21,,,,,,,,,MA|Yale-JC0782|2023,,,,,,,,,,
21,,,,,,,,,MA|Yale-JC0783|2023,,,,,,,,,,
21,,,,,,,,,CT|Yale-JC0582|2018,,,,,,,,,,
21,,,,,,,,,CT|Yale-JC0646|2021,,,,,,,,,,
21,,,,,,,,,CT|Yale-JC0647|2021,,,,,,,,,,
21,,,,,,,,,CT|Yale-JC0028|2000,,,,,,,,,,
21,,,,,,,,,CT|Yale-JC0037|2000,,,,,,,,,,
21,,,,,,,,,CT|Yale-JC0030|2000,,,,,,,,,,
21,,,,,,,,,CT|Yale-JC0588|2018,,,,,,,,,,
21,,,,,,,,,CT|Yale-JC0525|2016,,,,,,,,,,
21,,,,,,,,,CT|Yale-JC0533.1|2017,,,,,,,,,,
21,,,,,,,,,CT|Yale-JC0019|1999,,,,,,,,,,
21,,,,,,,,,CT|Yale-JC0020|1999,,,,,,,,,,
21,,,,,,,,,CT|Yale-JC0059|2002,,,,,,,,,,
21,,,,,,,,,CT|Yale-JC0099|2003,,,,,,,,,,
21,,,,,,,,,CT|Yale-JC0231|2006,,,,,,,,,,
21,,,,,,,,,CT|Yale-JC0237|2006,,,,,,,,,,
21,,,,,,,,,CT|Yale-JC0112|2003,,,,,,,,,,
21,,,,,,,,,CT|Yale-JC0113|2003,,,,,,,,,,
21,,,,,,,,,CT|Yale-JC0100|2003,,,,,,,,,,
21,,,,,,,,,CT|Yale-JC0111|2003,,,,,,,,,,
21,,,,,,,,,CT|Yale-JC0236|2006,,,,,,,,,,
21,,,,,,,,,ND|Yale-JC0133|2003,,,,,,,,,,
21,,,,,,,,,ND|Yale-JC0129.1|2003,,,,,,,,,,
21,,,,,,,,,CT|Yale-JC0633|2020,,,,,,,,,,
21,,,,,,,,,NY|JC08|2007,,,,,,,,,,
21,,,,,,,,,NY|JC02|2003,,,,,,,,,,
21,,,,,,,,,NY|JC17|2011,,,,,,,,,,
21,,,,,,,,,CT|Yale-JC0513|2016,,,,,,,,,,
21,,,,,,,,,CT|Yale-JC0515|2016,,,,,,,,,,
21,,,,,,,,,CT|Yale-JC0516|2016,,,,,,,,,,
21,,,,,,,,,NY|JC32|2019,,,,,,,,,,
21,,,,,,,,,CT|Yale-JC0526|2016,,,,,,,,,,
21,,,,,,,,,NY|Yale-JC0672|2008,,,,,,,,,,
21,,,,,,,,,CT|Yale-JC0654|2021,,,,,,,,,,
21,,,,,,,,,CT|Yale-JC0055|2002,,,,,,,,,,
21,,,,,,,,,CT|Yale-JC0063|2002,,,,,,,,,,
21,,,,,,,,,CT|Yale-JC0172|2005,,,,,,,,,,
21,,,,,,,,,CT|Yale-JC0071|2002,,,,,,,,,,
21,,,,,,,,,CT|Yale-JC0249|2006,,,,,,,,,,
21,,,,,,,,,CT|Yale-JC0609|2019,,,,,,,,,,
21,,,,,,,,,CT|Yale-JC0361|2010,,,,,,,,,,
21,,,,,,,,,CT|Yale-JC0497|2015,,,,,,,,,,
21,,,,,,,,,CT|Yale-JC0542|2017,,,,,,,,,,
21,,,,,,,,,CT|Yale-JC0167|2005,,,,,,,,,,
21,,,,,,,,,CT|Yale-JC0013|1998,,,,,,,,,,
21,,,,,,,,,CT|Yale-JC0101|2003,,,,,,,,,,
21,,,,,,,,,CT|Yale-JC0442|2012,,,,,,,,,,
21,,,,,,,,,CT|Yale-JC0116|2003,,,,,,,,,,
21,,,,,,,,,CT|Yale-JC0396|2011,,,,,,,,,,
21,,,,,,,,,CT|Yale-JC0375|2010,,,,,,,,,,
21,,,,,,,,,CT|Yale-JC0031|2000,,,,,,,,,,
21,,,,,,,,,CT|Yale-JC0040|2000,,,,,,,,,,
21,,,,,,,,,CT|Yale-JC0080|2003,,,,,,,,,,
21,,,,,,,,,CT|Yale-JC0134|2003,,,,,,,,,,
21,,,,,,,,,CT|Yale-JC0058.1|2002,,,,,,,,,,
21,,,,,,,,,CT|Yale-JC0429|2011,,,,,,,,,,
21,,,,,,,,,CT|Yale-JC0444|2012,,,,,,,,,,
21,,,,,,,,,CT|Yale-JC0114|2003,,,,,,,,,,
21,,,,,,,,,CT|Yale-JC0285|2007,,,,,,,,,,
21,,,,,,,,,CT|Yale-JC0390|2011,,,,,,,,,,
21,,,,,,,,,CT|Yale-JC0440|2012,,,,,,,,,,
21,,,,,,,,,CT|Yale-JC0544|2017,,,,,,,,,,
21,,,,,,,,,CT|Yale-JC0545|2017,,,,,,,,,,
21,,,,,,,,,CT|Yale-JC0546|2017,,,,,,,,,,
21,,,,,,,,,CT|Yale-JC0592|2018,,,,,,,,,,
21,,,,,,,,,CT|Yale-JC0294|2007,,,,,,,,,,
21,,,,,,,,,CT|Yale-JC0307|2008,,,,,,,,,,
21,,,,,,,,,CT|Yale-JC0360|2010,,,,,,,,,,
21,,,,,,,,,CT|Yale-JC0470|2014,,,,,,,,,,
21,,,,,,,,,CT|Yale-JC0487|2014,,,,,,,,,,
21,,,,,,,,,CT|Yale-JC0495|2015,,,,,,,,,,
21,,,,,,,,,CT|Yale-JC0494|2015,,,,,,,,,,
21,,,,,,,,,CT|Yale-JC0493|2015,,,,,,,,,,
21,,,,,,,,,CT|Yale-JC0520|2016,,,,,,,,,,
21,,,,,,,,,CT|Yale-JC0507|2016,,,,,,,,,,
21,,,,,,,,,CT|Yale-JC0658|2022,,,,,,,,,,
21,,,,,,,,,CT|Yale-JC0456|2013,,,,,,,,,,
21,,,,,,,,,CT|Yale-JC0457|2013,,,,,,,,,,
21,,,,,,,,,CT|Yale-JC0559|2018,,,,,,,,,,
21,,,,,,,,,CT|Yale-JC0605|2019,,,,,,,,,,
21,,,,,,,,,CT|Yale-JC0615|2019,,,,,,,,,,
21,,,,,,,,,CT|Yale-JC0263|2007,,,,,,,,,,
21,,,,,,,,,CT|Yale-JC0264|2007,,,,,,,,,,
21,,,,,,,,,CT|Yale-JC0265|2007,,,,,,,,,,
21,,,,,,,,,CT|Yale-JC0274|2007,,,,,,,,,,
21,,,,,,,,,CT|Yale-JC0275|2007,,,,,,,,,,
21,,,,,,,,,CT|Yale-JC0276|2007,,,,,,,,,,
21,,,,,,,,,CT|Yale-JC0277|2007,,,,,,,,,,
21,,,,,,,,,CT|Yale-JC0364|2010,,,,,,,,,,
21,,,,,,,,,CT|Yale-JC0278|2007,,,,,,,,,,
21,,,,,,,,,CT|Yale-JC0630|2020,,,,,,,,,,
21,,,,,,,,,CT|Yale-JC0611|2019,,,,,,,,,,
21,,,,,,,,,CT|Yale-JC0505|2016,,,,,,,,,,
21,,,,,,,,,CT|Yale-JC0566|2018,,,,,,,,,,
21,,,,,,,,,CT|Yale-JC0538|2017,,,,,,,,,,
21,,,,,,,,,CT|Yale-JC0351|2009,,,,,,,,,,
21,,,,,,,,,CT|Yale-JC0316|2008,,,,,,,,,,
21,,,,,,,,,CT|Yale-JC0115|2003,,,,,,,,,,
21,,,,,,,,,CT|Yale-JC0243|2006,,,,,,,,,,
21,,,,,,,,,CT|Yale-JC0232|2006,,,,,,,,,,
21,,,,,,,,,CT|Yale-JC0550|2017,,,,,,,,,,
21,,,,,,,,,CT|Yale-JC0266|2007,,,,,,,,,,
21,,,,,,,,,CT|Yale-JC0306|2008,,,,,,,,,,
21,,,,,,,,,CT|Yale-JC0284|2007,,,,,,,,,,
21,,,,,,,,,CT|Yale-JC0441|2012,,,,,,,,,,
21,,,,,,,,,CT|Yale-JC0478|2014,,,,,,,,,,
21,,,,,,,,,CT|Yale-JC0565|2018,,,,,,,,,,
21,,,,,,,,,CT|Yale-JC0242|2006,,,,,,,,,,
21,,,,,,,,,CT|Yale-JC0296|2007,,,,,,,,,,
21,,,,,,,,,CT|Yale-JC0403|2011,,,,,,,,,,
21,,,,,,,,,CT|Yale-JC0349|2009,,,,,,,,,,
21,,,,,,,,,CT|Yale-JC0322|2009,,,,,,,,,,
21,,,,,,,,,CT|Yale-JC0462|2013,,,,,,,,,,
21,,,,,,,,,CT|Yale-JC0479|2014,,,,,,,,,,
21,,,,,,,,,CT|Yale-JC0567|2018,,,,,,,,,,
21,,,,,,,,,CT|Yale-JC0432|2011,,,,,,,,,,
21,,,,,,,,,CT|Yale-JC0580|2018,,,,,,,,,,
21,,,,,,,,,CT|Yale-JC0604.1|2019,,,,,,,,,,
21,,,,,,,,,CT|Yale-JC0606|2019,,,,,,,,,,
21,,,,,,,,,CT|Yale-JC0474|2014,,,,,,,,,,
21,,,,,,,,,CT|Yale-JC0488|2014,,,,,,,,,,
21,,,,,,,,,CT|Yale-JC0504|2016,,,,,,,,,,
21,,,,,,,,,CT|Yale-JC0555|2018,,,,,,,,,,
21,,,,,,,,,CT|Yale-JC0575|2018,,,,,,,,,,
21,,,,,,,,,CT|Yale-JC0614|2019,,,,,,,,,,
21,,,,,,,,,CT|Yale-JC0591|2018,,,,,,,,,,
21,,,,,,,,,CT|Yale-JC0492|2015,,,,,,,,,,
21,,,,,,,,,CT|Yale-JC0465|2013,,,,,,,,,,
21,,,,,,,,,CT|Yale-JC0251|2006,,,,,,,,,,
21,,,,,,,,,CT|Yale-JC0143|2003,,,,,,,,,,
21,,,,,,,,,CT|Yale-JC0149|2004,,,,,,,,,,
21,,,,,,,,,CT|Yale-JC0374|2010,,,,,,,,,,
21,,,,,,,,,ND|Yale-JC0157|2004,,,,,,,,,,
21,,,,,,,,,CT|Yale-JC0427|2011,,,,,,,,,,
21,,,,,,,,,CT|Yale-JC0484|2014,,,,,,,,,,
21,,,,,,,,,CT|Yale-JC0660|2022,,,,,,,,,,
21,,,,,,,,,NY|JC15|2010,,,,,,,,,,
21,,,,,,,,,CT|Yale-JC0365|2010,,,,,,,,,,
21,,,,,,,,,CT|Yale-JC0366|2010,,,,,,,,,,
21,,,,,,,,,CT|Yale-JC0368.1|2010,,,,,,,,,,
21,,,,,,,,,CT|Yale-JC0369.1|2010,,,,,,,,,,
21,,,,,,,,,CT|Yale-JC0370.1|2010,,,,,,,,,,
21,,,,,,,,,CT|Yale-JC0367|2010,,,,,,,,,,
21,,,,,,,,,CT|Yale-JC0541|2017,,,,,,,,,,
21,,,,,,,,,CT|Yale-JC0032|2000,,,,,,,,,,
21,,,,,,,,,CT|Yale-JC0022|1999,,,,,,,,,,
21,,,,,,,,,CT|Yale-JC0076|2003,,,,,,,,,,
21,,,,,,,,,ND|Yale-JC0131|2003,,,,,,,,,,
21,,,,,,,,,CT|Yale-JC0073.1|2003,,,,,,,,,,
21,,,,,,,,,CT|Yale-JC0077.1|2003,,,,,,,,,,
21,,,,,,,,,CT|Yale-JC0246|2006,,,,,,,,,,
21,,,,,,,,,CT|Yale-JC0248|2006,,,,,,,,,,
21,,,,,,,,,CT|Yale-JC0247|2006,,,,,,,,,,
21,,,,,,,,,CT|Yale-JC0313|2008,,,,,,,,,,
21,,,,,,,,,CT|Yale-JC0314|2008,,,,,,,,,,
21,,,,,,,,,CT|Yale-JC0362|2010,,,,,,,,,,
21,,,,,,,,,ND|Yale-JC0130|2003,,,,,,,,,,
21,,,,,,,,,CT|Yale-JC0613|2019,,,,,,,,,,
21,,,,,,,,,CT|Yale-JC0337.1|2009,,,,,,,,,,
21,,,,,,,,,CT|Yale-JC0511|2016,,,,,,,,,,
21,,,,,,,,,CT|Yale-JC0342|2009,,,,,,,,,,
21,,,,,,,,,CT|Yale-JC0309|2008,,,,,,,,,,
21,,,,,,,,,CT|Yale-JC0436|2011,,,,,,,,,,
21,,,,,,,,,CT|Yale-JC0519|2016,,,,,,,,,,
21,,,,,,,,,CT|Yale-JC0638.1|2021,,,,,,,,,,
21,,,,,,,,,CT|Yale-JC0326|2009,,,,,,,,,,
21,,,,,,,,,CT|Yale-JC0327|2009,,,,,,,,,,
21,,,,,,,,,CT|Yale-JC0356|2009,,,,,,,,,,
21,,,,,,,,,CT|Yale-JC0623|2019,,,,,,,,,,
21,,,,,,,,,CT|Yale-JC0109|2003,,,,,,,,,,
21,,,,,,,,,CT|Yale-JC0431|2011,,,,,,,,,,
21,,,,,,,,,CT|Yale-JC0662|2022,,,,,,,,,,
21,,,,,,,,,CT|Yale-JC0428|2011,,,,,,,,,,
21,,,,,,,,,CT|Yale-JC0568|2018,,,,,,,,,,
21,,,,,,,,,CT|Yale-JC0624|2019,,,,,,,,,,
21,,,,,,,,,NY|Yale-JC0675|2008,,,,,,,,,,
21,,,,,,,,,CT|Yale-JC0594|2018,,,,,,,,,,
21,,,,,,,,,CT|Yale-JC0596|2018,,,,,,,,,,
21,,,,,,,,,CT|Yale-JC0600|2018,,,,,,,,,,
21,,,,,,,,,CT|Yale-JC0597|2018,,,,,,,,,,
21,,,,,,,,,CT|Yale-JC0595|2018,,,,,,,,,,
21,,,,,,,,,NY|Yale-JC0747|2020,,,,,,,,,,
21,,,,,,,,,NY|Yale-JC0765|2022,,,,,,,,,,
21,,,,,,,,,CT|Yale-JC0439|2011,,,,,,,,,,
21,,,,,,,,,NY|Yale-JC0682|2009,,,,,,,,,,
21,,,,,,,,,NY|Yale-JC0755|2021,,,,,,,,,,
21,,,,,,,,,NY|Yale-JC0753|2021,,,,,,,,,,
21,,,,,,,,,NY|JC22|2014,,,,,,,,,,
21,,,,,,,,,CT|Yale-JC0648|2021,,,,,,,,,,
21,,,,,,,,,NY|JC05|2004,,,,,,,,,,
21,,,,,,,,,NY|JC07|2006,,,,,,,,,,
21,,,,,,,,,NY|JC21|2013,,,,,,,,,,
21,,,,,,,,,NY|Yale-JC0669|2008,,,,,,,,,,
21,,,,,,,,,NY|Yale-JC0732|2019,,,,,,,,,,
21,,,,,,,,,NY|Yale-JC0730|2018,,,,,,,,,,
21,,,,,,,,,NY|Yale-JC0733|2019,,,,,,,,,,
21,,,,,,,,,NY|JC18|2012,,,,,,,,,,
21,,,,,,,,,NY|Yale-JC0762|2022,,,,,,,,,,
21,,,,,,,,,NY|JC060|2022,,,,,,,,,,
21,,,,,,,,,NY|JC04|2004,,,,,,,,,,
21,,,,,,,,,NY|JC09|2007,,,,,,,,,,
21,,,,,,,,,NY|Yale-JC0665|2007,,,,,,,,,,
21,,,,,,,,,NY|Yale-JC0671|2008,,,,,,,,,,
21,,,,,,,,,NY|Yale-JC0673|2008,,,,,,,,,,
21,,,,,,,,,NY|Yale-JC0712|2014,,,,,,,,,,
21,,,,,,,,,NY|Yale-JC0756|2021,,,,,,,,,,
21,,,,,,,,,NY|JC23|2014,,,,,,,,,,
21,,,,,,,,,NY|Yale-JC0749|2020,,,,,,,,,,
21,,,,,,,,,NY|Yale-JC0757|2021,,,,,,,,,,
21,,,,,,,,,NY|Yale-JC0681|2009,,,,,,,,,,
21,,,,,,,,,NY|JC06|2005,,,,,,,,,,
21,,,,,,,,,NY|JC25|2015,,,,,,,,,,
21,,,,,,,,,NY|JC33|2019,,,,,,,,,,
21,,,,,,,,,NY|JC27|2016,,,,,,,,,,
21,,,,,,,,,NY|JC19|2012,,,,,,,,,,
21,,,,,,,,,NY|JC31|2018,,,,,,,,,,
21,,,,,,,,,NY|JC12|2009,,,,,,,,,,
21,,,,,,,,,NY|JC14|2010,,,,,,,,,,
21,,,,,,,,,NY|Yale-JC0694|2012,,,,,,,,,,
21,,,,,,,,,NY|Yale-JC0695|2012,,,,,,,,,,
21,,,,,,,,,NY|Yale-JC0771|2012,,,,,,,,,,
21,,,,,,,,,NY|Yale-JC0678|2009,,,,,,,,,,
21,,,,,,,,,NY|Yale-JC0680|2009,,,,,,,,,,
21,,,,,,,,,NY|Yale-JC0725|2018,,,,,,,,,,
21,,,,,,,,,NY|Yale-JC0716|2015,,,,,,,,,,
21,,,,,,,,,NY|Yale-JC0676|2009,,,,,,,,,,
21,,,,,,,,,NY|Yale-JC0700|2012,,,,,,,,,,
21,,,,,,,,,NY|Yale-JC0763|2022,,,,,,,,,,
21,,,,,,,,,PA|Yale-JC0813|2023,,,,,,,,,,
21,,,,,,,,,NY|Yale-JC0706|2014,,,,,,,,,,
21,,,,,,,,,NY|Yale-JC0722|2018,,,,,,,,,,
21,,,,,,,,,NY|Yale-JC0684|2020,,,,,,,,,,
21,,,,,,,,,NY|Yale-JC0737|2020,,,,,,,,,,
21,,,,,,,,,NY|Yale-JC0742|2020,,,,,,,,,,
21,,,,,,,,,NY|Yale-JC0705|2014,,,,,,,,,,
21,,,,,,,,,NY|JC26|2016,,,,,,,,,,
21,,,,,,,,,NY|Yale-JC0688|2010,,,,,,,,,,
21,,,,,,,,,NY|Yale-JC0689|2010,,,,,,,,,,
21,,,,,,,,,NY|Yale-JC0690|2011,,,,,,,,,,
21,,,,,,,,,NY|Yale-JC0769|2012,,,,,,,,,,
21,,,,,,,,,NY|Yale-JC0708|2014,,,,,,,,,,
21,,,,,,,,,NY|Yale-JC0709|2014,,,,,,,,,,
21,,,,,,,,,NY|Yale-JC0744|2020,,,,,,,,,,
21,,,,,,,,,NY|Yale-JC0766|2020,,,,,,,,,,
21,,,,,,,,,NY|Yale-JC0745|2013,,,,,,,,,,
21,,,,,,,,,NY|JC28|2017,,,,,,,,,,
21,,,,,,,,,NY|Yale-JC0701|2012,,,,,,,,,,
21,,,,,,,,,CT|Yale-JC0463|2013,,,,,,,,,,
21,,,,,,,,,CT|Yale-JC0601|2018,,,,,,,,,,
21,,,,,,,,,NY|JC30|2018,,,,,,,,,,
21,,,,,,,,,PA|Yale-JC0822|2023,,,,,,,,,,
21,,,,,,,,,NY|Yale-JC0686|2010,,,,,,,,,,
21,,,,,,,,,NY|Yale-JC0721|2017,,,,,,,,,,
21,,,,,,,,,NY|Yale-JC0770|2013,,,,,,,,,,
21,,,,,,,,,NY|Yale-JC0724|2018,,,,,,,,,,
21,,,,,,,,,NY|Yale-JC0738|2020,,,,,,,,,,
21,,,,,,,,,NY|Yale-JC0740|2020,,,,,,,,,,
21,,,,,,,,,NY|Yale-JC0772|2019,,,,,,,,,,
21,,,,,,,,,PA|Yale-JC0807|2023,,,,,,,,,,
21,,,,,,,,,NY|Yale-JC0731|2019,,,,,,,,,,
21,,,,,,,,,NY|Yale-JC0758|2022,,,,,,,,,,
,,,,,,,,,,,,,,,,,,,
22,22~,6530,6552,6502,6524,6502,6524,^NY|JC333|2022,Unknown (NJ|SORV_KX817337.1|1960),NY|Yale-JC0762|2022,NS,6.72E-08,NS,NS,NS,NS,NS,NS,NS
,,,,,,,,,,,,,,,,,,,
23,23~,6530,6552,6502,6524,6502,6524,^NY|JC060|2022,Unknown (NJ|SORV_KX817337.1|1960),NY|Yale-JC0746.1|2020,NS,9.24E-07,NS,NS,NS,NS,NS,NS,NS
,,,,,,,,,,,,,,,,,,,
24,24,12266,5592,12234,5564,12234,5564,NY|Yale-JC0688|2010,NY|Yale-JC0689|2010,NY|Yale-JC0694|2012,NS,NS,3.69E-03,4.78E-03,1.58E-03,NS,NS,NS,1.26E-04
24,,,,,,,,,,NY|Yale-JC0716|2015,,,,,,,,,
,,,,,,,,,,,,,,,,,,,
25,25~,5345,12243,5319,12213,5318,12213,NY|Yale-JC0758|2022,NY|Yale-JC0671|2008,Unknown (CT|Yale-JC0601|2018),NS,NS,NS,NS,NS,NS,NS,NS,NS
25,,,,,,,,CT|Yale-JC0041|2000,CT|Yale-JC0041|2000,Unknown(NY|Yale-JC0772|2019),,,,,,,,,
25,,,,,,,,CT|Yale-JC0062|2002,CT|Yale-JC0062|2002,,,,,,,,,,
25,,,,,,,,CT|Yale-JC0070|2002,CT|Yale-JC0070|2002,,,,,,,,,,
25,,,,,,,,CT|Yale-JC0014|1999,CT|Yale-JC0103|2003,,,,,,,,,,
25,,,,,,,,CT|Yale-JC0247|2006,CT|Yale-JC0244|2006,,,,,,,,,,
25,,,,,,,,CT|Yale-JC0313|2008,CT|Yale-JC0059|2002,,,,,,,,,,
25,,,,,,,,CT|Yale-JC0608|2019,CT|Yale-JC0551|2017,,,,,,,,,,
25,,,,,,,,NY|Yale-JC0671|2008[P],CT|Yale-JC0513|2016,,,,,,,,,,
25,,,,,,,,NY|Yale-JC0673|2008[P],NY|Yale-JC0672|2008,,,,,,,,,,
25,,,,,,,,NY|Yale-JC0712|2014[P],CT|Yale-JC0172|2005,,,,,,,,,,
25,,,,,,,,NY|Yale-JC0756|2021,CT|Yale-JC0167|2005,,,,,,,,,,
25,,,,,,,,NY|Yale-JC0703|2012[P],CT|Yale-JC0375|2010,,,,,,,,,,
25,,,,,,,,NY|Yale-JC0749|2020[P],CT|Yale-JC0462|2013,,,,,,,,,,
25,,,,,,,,NY|Yale-JC0692|2011[P],NY|Yale-JC0761|2022,,,,,,,,,,
25,,,,,,,,NY|Yale-JC0693|2011[P],CT|Yale-JC0492|2015,,,,,,,,,,
25,,,,,,,,NY|Yale-JC0767|2013,CT|Yale-JC0465|2013,,,,,,,,,,
25,,,,,,,,NY|Yale-JC0681|2009,CT|Yale-JC0251|2006,,,,,,,,,,
25,,,,,,,,NY|Yale-JC0754|2021,CT|Yale-JC0427|2011,,,,,,,,,,
25,,,,,,,,,CT|Yale-JC0358|2009,,,,,,,,,,
25,,,,,,,,,CT|Yale-JC0484|2014,,,,,,,,,,
25,,,,,,,,,CT|Yale-JC0032|2000,,,,,,,,,,
25,,,,,,,,,CT|Yale-JC0597|2018,,,,,,,,,,
25,,,,,,,,,NY|Yale-JC0765|2022,,,,,,,,,,
25,,,,,,,,,CT|Yale-JC0608|2019,,,,,,,,,,
25,,,,,,,,,NY|Yale-JC0736|2019,,,,,,,,,,
25,,,,,,,,,NY|Yale-JC0730|2018,,,,,,,,,,
25,,,,,,,,,NY|Yale-JC0673|2008,,,,,,,,,,
25,,,,,,,,,NY|Yale-JC0703|2012,,,,,,,,,,
,,,,,,,,,,,,,,,,,,,
26,26~, 504*,1045, 504*,1016, 504*,1020,^NJ|SORV_KX817337.1|1960,Unknown (NY|Yale-JC0770|2013),ND|Yale-JC0120|2003,NS,NS,NS,NS,NS,NS,NS,NS,NS
26,,,,,,,,,Unknown(CT|Yale-JC0205|2005),CT|Yale-JC0205|2005,,,,,,,,,
26,,,,,,,,,Unknown(ND|Yale-JC0194|2005),ND|Yale-JC0194|2005,,,,,,,,,
26,,,,,,,,,Unknown(ND|Yale-JC0120|2003),,,,,,,,,,
,,,,,,,,,,,,,,,,,,,
~            = It is possible that this apparent recombination signal could have been caused by an evolutionary,,,,,,,,,,,,,,,,,,,
               process other than recombination.,,,,,,,,,,,,,,,,,,,
*            = The actual breakpoint position is undetermined (it was most likely either overprinted by a subsequent ,,,,,,,,,,,,,,,,,,,
               recombination event or off the edges of the analysed sequence fragments).,,,,,,,,,,,,,,,,,,,
$            = This might not be breakpoint - it is likey the edge of a genome segment (possibly exchanged during reassortment),,,,,,,,,,,,,,,,,,,
^            = The recombinant sequence may have been misidentified (one of the identified parents might be the recombinant),,,,,,,,,,,,,,,,,,,
Minor Parent = Parent contributing the smaller fraction of sequence.,,,,,,,,,,,,,,,,,,,
Major Parent = Parent contributing the larger fraction of sequence.,,,,,,,,,,,,,,,,,,,
Unknown      = Only one parent and a recombinant need be in the alignment for a recombination event to be detectable.,,,,,,,,,,,,,,,,,,,
               The sequence listed as unknown was used to infer the existance of a missing parental sequence.,,,,,,,,,,,,,,,,,,,
NS           = No significant P-value was recorded for this recombination event using the particular method in question.,,,,,,,,,,,,,,,,,,,